,0
《中***人民共和国保险法》第六十五条,0.0003996802557953637
《中***人民共和国民事诉讼法》第一百四十七条,0.0003996802557953637
《中***人民共和国民事诉讼法》第一百四十七条、第一百五十五条,0.0003996802557953637
《中***人民共和国民事诉讼法》第一百四十七条、第一百六十五条,0.0003996802557953637
《中***人民共和国民事诉讼法》第一百四十七条、第一百六十条,0.0003996802557953637
《中***人民共和国民事诉讼法》第一百四十五条,0.0003996802557953637
《中***人民共和国民事诉讼法》第二百六十四条,0.0003996802557953637
《中***人民共和国民事诉讼法》第六十七条,0.0007993605115907274
《中***人民共和国民事诉讼法》第六十七条、第一百四十五条、第一百四十七条、第一百六十五条,0.0003996802557953637
《中***人民共和国民法典》第一千一百七十九条、第一千一百八十三条、第一千二百一十三条,0.0003996802557953637
《中***人民共和国民法典》第一千二百一十三条、第一千一百七十九条,0.0003996802557953637
《中***人民共和国民法典》第五百七十七条、第五百七十九条,0.0003996802557953637
《中***人民共和国民法典》第五百七十九条,0.0003996802557953637
《中***人民共和国民法典》第六十一条,0.0003996802557953637
《中***人民共和国道路交通安全法》第七十六条,0.0003996802557953637
《中华人某共和国民事诉讼法》第六十七条、第一百四十七条、第一百五十五条,0.0003996802557953637
"《中华人民共和国
民事诉讼法》第六十七条、第一百四十七条",0.0003996802557953637
《中华人民共和国企业破产法》第一条,0.0003996802557953637
《中华人民共和国企业破产法》第一百一十三条,0.0003996802557953637
《中华人民共和国企业破产法》第二十一条,0.0019984012789768186
《中华人民共和国企业破产法》第十八条、第四十二条,0.0003996802557953637
《中华人民共和国企业破产法》第四十八条,0.0003996802557953637
《中华人民共和国企业破产法》第四十六条,0.0007993605115907274
《中华人民共和国企业破产法》第四十六条第二款,0.0003996802557953637
《中华人民共和国企业破产法》第四十条,0.0003996802557953637
《中华人民共和国保险法》第六十五条,0.005595523581135092
《中华人民共和国保险法》第六十六条、第六十五条,0.0003996802557953637
《中华人民共和国保险法》第六十四条,0.004396482813749001
《中华人民共和国保险法》第六十四条、第六十五条,0.0007993605115907274
《中华人民共和国保险法》第六十四条、第六十五条、第六十六条,0.0003996802557953637
《中华人民共和国保险法》第六十条,0.0003996802557953637
《中华人民共和国保险法》第十七条,0.004396482813749001
《中华人民共和国保险法》第十七条、第六十五条、第六十六条,0.0003996802557953637
《中华人民共和国保险法》第十三条,0.0003996802557953637
《中华人民共和国保险法》第十四条、第六十六条,0.001199040767386091
《中华人民共和国公司法》第二十三条,0.005995203836930456
《中华人民共和国公司法》第二条、第六十三条,0.0003996802557953637
《中华人民共和国公司法》第二百四十条,0.001199040767386091
《中华人民共和国公司法》第五十七条,0.0007993605115907274
《中华人民共和国公司法》第六十三条,0.003996802557953637
《中华人民共和国公司法》第六十三条、第五十八条,0.0003996802557953637
《中华人民共和国公司法》第六十二条,0.0003996802557953637
《中华人民共和国公司法》第六十条,0.0003996802557953637
《中华人民共和国公司法》第十三条,0.0007993605115907274
《中华人民共和国公司法》第十四条,0.001199040767386091
《中华人民共和国公司法》第四十九条,0.0003996802557953637
《中华人民共和国公司法民法典》第四百六十五条、第五百九十五条,0.0003996802557953637
《中华人民共和国刑法》第三百一十三条,0.0019984012789768186
《中华人民共和国刑法》第三百一十四条,0.001199040767386091
《中华人民共和国刑法》第二百七十七条,0.001199040767386091
《中华人民共和国劳动合同法》第三十条,0.0003996802557953637
《中华人民共和国劳动法》第三条,0.0003996802557953637
《中华人民共和国劳动法》第四十七条、第四十八条,0.0003996802557953637
《中华人民共和国反家庭暴力法》第二条,0.0003996802557953637
《中华人民共和国合同法》第一百一十四条、第一百五十九条、第一百六十一条,0.0003996802557953637
《中华人民共和国合同法》第一百九十七条,0.0003996802557953637
《中华人民共和国合同法》第一百九十六条,0.004396482813749001
《中华人民共和国合同法》第一百九十六条、第二百一十条、第三百九十六条、第三百九十七条,0.0003996802557953637
《中华人民共和国合同法》第九十一条,0.0003996802557953637
《中华人民共和国合同法》第九十四条、第九十七条、第一百一十五条、第九十六条,0.0003996802557953637
《中华人民共和国合同法》第五十二条、第五十八条,0.0003996802557953637
《中华人民共和国合同法》第八十四条,0.0003996802557953637
《中华人民共和国合同法》第八条,0.001199040767386091
《中华人民共和国合同法》第八条、第一百九十六条,0.0003996802557953637
《中华人民共和国合同法》第八条、第六十条,0.0035971223021582736
《中华人民共和国合同法》第六十七条,0.0003996802557953637
《中华人民共和国合同法》第六十条,0.006794564348521183
《中华人民共和国合同法》第六十条、第一百七十四条,0.0003996802557953637
《中华人民共和国合同法》第六十条、第一百九十六条,0.0003996802557953637
《中华人民共和国合同法》第六条,0.0003996802557953637
《中华人民共和国合同法》第六条、第八条,0.0003996802557953637
《中华人民共和国合同法》第四十四条,0.0015987210231814548
《中华人民共和国合同法》第四十四条、第六十条,0.001199040767386091
《中华人民共和国土地管理法》第九条、第十一条、第六十二条,0.0003996802557953637
《中华人民共和国婚姻法》第十九条,0.0003996802557953637
《中华人民共和国婚姻法》第四十一条,0.0003996802557953637
《中华人民共和国建筑法》第六十七条,0.0003996802557953637
《中华人民共和国担保法》第三十一条、第十九条、第二十一条、第二十六条,0.0003996802557953637
《中华人民共和国担保法》第九十一条,0.0003996802557953637
《中华人民共和国担保法》第五条,0.0003996802557953637
《中华人民共和国担保法》第六条,0.0003996802557953637
《中华人民共和国担保法》第十三条,0.0003996802557953637
《中华人民共和国担保法》第十三条、第十五条,0.0003996802557953637
《中华人民共和国担保法》第十九条、第二十一条,0.0003996802557953637
《中华人民共和国担保法》第十二条、第十八条、第二十一条,0.0003996802557953637
《中华人民共和国担保法》第十八条,0.0003996802557953637
《中华人民共和国担保法》第十八条、第三十三条,0.0003996802557953637
《中华人民共和国担保法》第十八条、第二十一条,0.001199040767386091
《中华人民共和国招标投标法实施条例》第五十七条,0.0003996802557953637
《中华人民共和国期货和衍生品法》第十九条、第四十九条、第五十九条、第七十九条、第八十二条,0.0003996802557953637
《中华人民共和国村民委员会组织法》第二条,0.0007993605115907274
《中华人民共和国民事诉讼》第六十七条,0.0003996802557953637
《中华人民共和国民事诉讼法》第一六十五条,0.0003996802557953637
《中华人民共和国民事诉讼法》第一百一十七条、第一百六十五条,0.0003996802557953637
《中华人民共和国民事诉讼法》第一百一十四条,0.0003996802557953637
《中华人民共和国民事诉讼法》第一百七十七条,0.0003996802557953637
《中华人民共和国民事诉讼法》第一百七十七条第一款,0.0003996802557953637
《中华人民共和国民事诉讼法》第一百七十七条第一款第一项,0.0003996802557953637
《中华人民共和国民事诉讼法》第一百三十七条,0.001199040767386091
《中华人民共和国民事诉讼法》第一百三十七条、第一百四十七条,0.0003996802557953637
《中华人民共和国民事诉讼法》第一百三十七条、第一百四十五条,0.0003996802557953637
《中华人民共和国民事诉讼法》第一百三十七条、第一百四十五条、第一百四十七条,0.0003996802557953637
《中华人民共和国民事诉讼法》第一百三十五条,0.0003996802557953637
《中华人民共和国民事诉讼法》第一百二十一条、第一百五十七条,0.0003996802557953637
《中华人民共和国民事诉讼法》第一百二十一条第一款,0.0003996802557953637
《中华人民共和国民事诉讼法》第一百二十二条,0.0007993605115907274
《中华人民共和国民事诉讼法》第一百二十二条、第一百四十五条、第一百四十七条,0.0003996802557953637
《中华人民共和国民事诉讼法》第一百五十一条,0.0003996802557953637
《中华人民共和国民事诉讼法》第一百五十七条,0.0003996802557953637
《中华人民共和国民事诉讼法》第一百五十五条,0.005195843325339729
《中华人民共和国民事诉讼法》第一百五十五条、第一百七十一条,0.0003996802557953637
《中华人民共和国民事诉讼法》第一百五十五条、第二百六十四条,0.005995203836930456
《中华人民共和国民事诉讼法》第一百五十五条、第二百六十条,0.013189448441247002
《中华人民共和国民事诉讼法》第一百五十六条,0.0003996802557953637
《中华人民共和国民事诉讼法》第一百六十三条,0.0003996802557953637
《中华人民共和国民事诉讼法》第一百六十五条,0.01718625099920064
《中华人民共和国民事诉讼法》第一百六十五条、第一百六十七条,0.0003996802557953637
《中华人民共和国民事诉讼法》第一百六十五条、第二百六十四条,0.0007993605115907274
《中华人民共和国民事诉讼法》第一百六十条,0.002797761790567546
《中华人民共和国民事诉讼法》第一百六十条、第一百六十三条,0.0015987210231814548
《中华人民共和国民事诉讼法》第一百六十条、第一百六十三条、第一百七十一条,0.005195843325339729
《中华人民共和国民事诉讼法》第一百四十七条,0.22102318145483613
《中华人民共和国民事诉讼法》第一百四十七条、第一百五十五条,0.0015987210231814548
《中华人民共和国民事诉讼法》第一百四十七条、第一百五十六条,0.0003996802557953637
《中华人民共和国民事诉讼法》第一百四十七条、第一百六十五条,0.0627498001598721
《中华人民共和国民事诉讼法》第一百四十七条、第一百六十五条、第一百六十七条,0.0007993605115907274
《中华人民共和国民事诉讼法》第一百四十七条、第一百六十五条、第二百六十四条,0.0003996802557953637
《中华人民共和国民事诉讼法》第一百四十七条、第一百六十条,0.002398081534772182
《中华人民共和国民事诉讼法》第一百四十七条、第一百六十条、第一百六十三条,0.0031974420463629096
《中华人民共和国民事诉讼法》第一百四十七条、第一百六十条、第一百六十三条、第一百七十一条,0.006794564348521183
《中华人民共和国民事诉讼法》第一百四十七条、第一百四十五条,0.0003996802557953637
《中华人民共和国民事诉讼法》第一百四十七条、第二百六十六条,0.0007993605115907274
《中华人民共和国民事诉讼法》第一百四十七条、第二百六十四条,0.0003996802557953637
《中华人民共和国民事诉讼法》第一百四十七条、第六十七条,0.0007993605115907274
《中华人民共和国民事诉讼法》第一百四十七条、第六十七条、第一百六十五条,0.0003996802557953637
《中华人民共和国民事诉讼法》第一百四十五条,0.01718625099920064
《中华人民共和国民事诉讼法》第一百四十五条、第一百十七条,0.0003996802557953637
《中华人民共和国民事诉讼法》第一百四十五条、第一百四十七条,0.002398081534772182
《中华人民共和国民事诉讼法》第一百四十五条、第一百四十七条、第一百六十五条,0.0007993605115907274
《中华人民共和国民事诉讼法》第一百四十八条,0.001199040767386091
《中华人民共和国民事诉讼法》第一百四十六条、第一百五十七条,0.0003996802557953637
《中华人民共和国民事诉讼法》第七十八条、第一百四十七条、第一百六十五条,0.0003996802557953637
《中华人民共和国民事诉讼法》第三十九条、第一百四十五条,0.0003996802557953637
《中华人民共和国民事诉讼法》第九十五条,0.0003996802557953637
《中华人民共和国民事诉讼法》第九十五条、第一百四十七条,0.001199040767386091
《中华人民共和国民事诉讼法》第九条、第六十七条,0.0003996802557953637
《中华人民共和国民事诉讼法》第二百一十九条、第六十七条,0.0003996802557953637
《中华人民共和国民事诉讼法》第二百五十三条,0.0003996802557953637
《中华人民共和国民事诉讼法》第二百五十三条、第一百七十七条,0.0003996802557953637
《中华人民共和国民事诉讼法》第二百六十三条,0.0003996802557953637
《中华人民共和国民事诉讼法》第二百六十六条,0.0007993605115907274
《中华人民共和国民事诉讼法》第二百六十六条、第一百四十五条,0.0003996802557953637
《中华人民共和国民事诉讼法》第二百六十四条,0.0639488409272582
《中华人民共和国民事诉讼法》第二百六十条,0.007993605115907274
《中华人民共和国民事诉讼法》第二百六十条、第一百七十七条,0.0003996802557953637
《中华人民共和国民事诉讼法》第二百四十六条,0.0003996802557953637
《中华人民共和国民事诉讼法》第五十四条,0.0003996802557953637
《中华人民共和国民事诉讼法》第五十四条、第六十七条,0.0003996802557953637
《中华人民共和国民事诉讼法》第六十七条,0.24580335731414868
《中华人民共和国民事诉讼法》第六十七条、第一百三十七条,0.0003996802557953637
《中华人民共和国民事诉讼法》第六十七条、第一百五十五条,0.0003996802557953637
《中华人民共和国民事诉讼法》第六十七条、第一百六十五条,0.015587529976019185
《中华人民共和国民事诉讼法》第六十七条、第一百六十五条、第一百四十七条,0.0003996802557953637
《中华人民共和国民事诉讼法》第六十七条、第一百六十五条、第二百六十四条,0.0003996802557953637
《中华人民共和国民事诉讼法》第六十七条、第一百十七条,0.0003996802557953637
《中华人民共和国民事诉讼法》第六十七条、第一百四十七八条,0.0003996802557953637
《中华人民共和国民事诉讼法》第六十七条、第一百四十七条,0.0683453237410072
《中华人民共和国民事诉讼法》第六十七条、第一百四十七条、第一百五十五条、第一百六十条,0.0003996802557953637
《中华人民共和国民事诉讼法》第六十七条、第一百四十七条、第一百六十五条,0.03437250199840128
《中华人民共和国民事诉讼法》第六十七条、第一百四十七条、第一百六十五条、第一百六十七条,0.0003996802557953637
《中华人民共和国民事诉讼法》第六十七条、第一百四十七条、第一百六十条,0.0003996802557953637
《中华人民共和国民事诉讼法》第六十七条、第一百四十七条、第一百六十条、第一百六十三条、第一百七十一条,0.0003996802557953637
《中华人民共和国民事诉讼法》第六十七条、第一百四十七条、第二百六十四条,0.0003996802557953637
《中华人民共和国民事诉讼法》第六十七条、第一百四十五条,0.006394884092725819
《中华人民共和国民事诉讼法》第六十七条、第一百四十五条、第一百六十五条,0.0031974420463629096
《中华人民共和国民事诉讼法》第六十七条、第一百四十五条、第一百四十七条,0.001199040767386091
《中华人民共和国民事诉讼法》第六十七条、第一百四十五条、第一百四十七条、第一百六十五条,0.0003996802557953637
《中华人民共和国民事诉讼法》第六十七条、第一百四十五条、第一百四十六条,0.0003996802557953637
《中华人民共和国民事诉讼法》第六十七条、第九十五条、第一百四十七条,0.0003996802557953637
《中华人民共和国民事诉讼法》第六十七条、第九十条、第一百三十七条,0.0003996802557953637
《中华人民共和国民事诉讼法》第六十七条、第六十八条,0.0015987210231814548
《中华人民共和国民事诉讼法》第六十七条、第六十八条、第一百四十七条、第一百六十五条,0.0003996802557953637
《中华人民共和国民事诉讼法》第六十七条第一款,0.006394884092725819
《中华人民共和国民事诉讼法》第六十五条,0.0003996802557953637
《中华人民共和国民事诉讼法》第六十八条,0.002398081534772182
《中华人民共和国民事诉讼法》第六十八条第一款,0.0007993605115907274
《中华人民共和国民事诉讼法》第六十四条,0.0015987210231814548
《中华人民共和国民事诉讼法》第六十四条、第一百六十五条,0.0003996802557953637
《中华人民共和国民事诉讼法》第十三条,0.0019984012789768186
《中华人民共和国民事诉讼法》第十三条、第一百四十七条、第一百六十五条,0.0003996802557953637
《中华人民共和国民事诉讼法》第十三条、第六十七条,0.0007993605115907274
《中华人民共和国民事诉讼法》第十三条、第六十七条、第一百四十七条,0.0003996802557953637
《中华人民共和国民事诉讼法》第四十一条第二款,0.0003996802557953637
《中华人民共和国民事诉讼法》第四十条,0.019984012789768184
《中华人民共和国民事诉讼法》第四十条、第一百四十七条,0.011590727418065548
《中华人民共和国民事诉讼法》第四十条、第九十五条、第一百四十七条,0.0003996802557953637
《中华人民共和国民事诉讼法》第四十条、第六十七条,0.001199040767386091
《中华人民共和国民事诉讼法》第四十条、第六十七条、第一百四十七条,0.0035971223021582736
《中华人民共和国民事诉讼法》第四十条、第六十七条、第一百四十七条、第一百六十五条,0.0003996802557953637
《中华人民共和国民事诉讼法》第四十条、第六十七条、第九十五条、第一百四十七条,0.0003996802557953637
《中华人民共和国民事诉讼法》第四十条第二款,0.0007993605115907274
《中华人民共和国民事诉讼法（2023年修正）》第一百四十七条、第二百七十条,0.0003996802557953637
《中华人民共和国民事诉讼费》第一百四十七条,0.0003996802557953637
《中华人民共和国民法典》第1079条,0.0003996802557953637
《中华人民共和国民法典》第1179条,0.0003996802557953637
《中华人民共和国民法典》第一千一百七十三条,0.001199040767386091
《中华人民共和国民法典》第一千一百七十三条、第一千一百七十九条、第一千一百八十三条、第一千一百九十一条,0.0003996802557953637
《中华人民共和国民法典》第一千一百七十三条、第一千一百七十九条、第一千一百八十四条,0.0003996802557953637
《中华人民共和国民法典》第一千一百七十三条、第一千一百七十九条、第一千二百一十三条,0.0007993605115907274
《中华人民共和国民法典》第一千一百七十三条、第一千一百八十四条、第一千二百一十三条,0.0003996802557953637
《中华人民共和国民法典》第一千一百七十九条,0.016386890487609912
《中华人民共和国民法典》第一千一百七十九条、第一千一百九十一条、第一千一百八十三条,0.0003996802557953637
《中华人民共和国民法典》第一千一百七十九条、第一千一百八十三条,0.003996802557953637
《中华人民共和国民法典》第一千一百七十九条、第一千一百八十三条、第一千一百八十四条,0.0003996802557953637
《中华人民共和国民法典》第一千一百七十九条、第一千一百八十三条、第一千一百八十四条、第一千二百一十一条、第一千二百一十三条,0.0003996802557953637
《中华人民共和国民法典》第一千一百七十九条、第一千一百八十三条、第一千二百一十三条,0.0031974420463629096
《中华人民共和国民法典》第一千一百七十九条、第一千一百八十二条,0.0003996802557953637
《中华人民共和国民法典》第一千一百七十九条、第一千二百一十三条,0.0035971223021582736
《中华人民共和国民法典》第一千一百七十九条、第一千二百一十三条、第一千一百八十三条,0.002797761790567546
《中华人民共和国民法典》第一千一百七十九条、第一千二百一十三条、第一千一百六十五条,0.0003996802557953637
《中华人民共和国民法典》第一千一百九十一条,0.0007993605115907274
《中华人民共和国民法典》第一千一百九十二条,0.0003996802557953637
《中华人民共和国民法典》第一千一百九十二条第一款,0.0003996802557953637
《中华人民共和国民法典》第一千一百二十七条、第一千一百六十一条,0.0003996802557953637
《中华人民共和国民法典》第一千一百八十三条,0.0007993605115907274
《中华人民共和国民法典》第一千一百八十二条,0.0003996802557953637
《中华人民共和国民法典》第一千一百八十八条、第一千一百六十五条、第一千一百七十九条,0.0003996802557953637
《中华人民共和国民法典》第一千一百八十四条,0.0035971223021582736
《中华人民共和国民法典》第一千一百六十五条,0.05915267785771383
《中华人民共和国民法典》第一千一百六十五条、第一千一百七十三条,0.0015987210231814548
《中华人民共和国民法典》第一千一百六十五条、第一千一百七十三条、第一千一百七十九条,0.0015987210231814548
《中华人民共和国民法典》第一千一百六十五条、第一千一百七十三条、第一千一百七十九条、第一千一百八十二条,0.0003996802557953637
《中华人民共和国民法典》第一千一百六十五条、第一千一百七十三条、第一千一百七十九条、第一千一百八十四条,0.0003996802557953637
《中华人民共和国民法典》第一千一百六十五条、第一千一百七十九条,0.02038369304556355
《中华人民共和国民法典》第一千一百六十五条、第一千一百七十九条、第一千一百九十一条,0.0003996802557953637
《中华人民共和国民法典》第一千一百六十五条、第一千一百七十九条、第一千一百九十三条,0.0003996802557953637
《中华人民共和国民法典》第一千一百六十五条、第一千一百七十九条、第一千一百八十三条,0.002797761790567546
《中华人民共和国民法典》第一千一百六十五条、第一千一百七十九条、第一千一百八十三条、第一千一百九十一条,0.0003996802557953637
《中华人民共和国民法典》第一千一百六十五条、第一千一百七十九条、第一千一百八十三条、第一千二百一十三条,0.0003996802557953637
《中华人民共和国民法典》第一千一百六十五条、第一千一百七十九条、第一千一百八十二条,0.0015987210231814548
《中华人民共和国民法典》第一千一百六十五条、第一千一百七十九条、第一千一百八十二条、第一千一百八十三条,0.0015987210231814548
《中华人民共和国民法典》第一千一百六十五条、第一千一百七十九条、第一千一百八十八条,0.0003996802557953637
《中华人民共和国民法典》第一千一百六十五条、第一千一百七十九条、第一千一百八十四条,0.0015987210231814548
《中华人民共和国民法典》第一千一百六十五条、第一千一百七十九条、第一千一百八十四条、第一千二百一十三条,0.0003996802557953637
《中华人民共和国民法典》第一千一百六十五条、第一千一百七十九条、第一千二百一十三条,0.002797761790567546
《中华人民共和国民法典》第一千一百六十五条、第一千一百七十九条、第一百八十四条,0.0003996802557953637
《中华人民共和国民法典》第一千一百六十五条、第一千一百九十一条,0.001199040767386091
《中华人民共和国民法典》第一千一百六十五条、第一千一百九十一条、第一千二百一十三条,0.0003996802557953637
《中华人民共和国民法典》第一千一百六十五条、第一千一百九十二条,0.0003996802557953637
《中华人民共和国民法典》第一千一百六十五条、第一千一百八十二条,0.0007993605115907274
《中华人民共和国民法典》第一千一百六十五条、第一千一百八十四条,0.007993605115907274
《中华人民共和国民法典》第一千一百六十五条、第一千一百八十四条、第一千一百九十一条,0.0007993605115907274
《中华人民共和国民法典》第一千一百六十五条、第一千一百六十六条、第一千一百九十一条、第一千二百一十三条,0.0003996802557953637
《中华人民共和国民法典》第一千一百六十五条、第一千二百一十三条,0.0007993605115907274
《中华人民共和国民法典》第一千一百六十五条、第一百七十条、第一千一百七十九条、第一千一百八十三条,0.0003996802557953637
《中华人民共和国民法典》第一千二百一十一条、第一千一百七十九条,0.0003996802557953637
《中华人民共和国民法典》第一千二百一十三条,0.005195843325339729
《中华人民共和国民法典》第一千二百一十三条、第一千一百七十九条,0.0003996802557953637
《中华人民共和国民法典》第一千二百一十三条、第一千一百七十九条、第一千一百八十三条,0.001199040767386091
《中华人民共和国民法典》第一千二百一十三条、第一千一百六十五条,0.0015987210231814548
《中华人民共和国民法典》第一千二百一十三条、第一千一百六十五条、第一千一百七十九条、第一千一百八十三条,0.0003996802557953637
《中华人民共和国民法典》第一千二百一十三条、第七条、第一千一百六十五条、第一千一百七十九条,0.0003996802557953637
《中华人民共和国民法典》第一千二百一十三条、第四百九十六条,0.0003996802557953637
《中华人民共和国民法典》第一百一十三条、第一百一十八条,0.0003996802557953637
《中华人民共和国民法典》第一百一十九条,0.001199040767386091
《中华人民共和国民法典》第一百一十九条、第五百七十七条,0.0003996802557953637
《中华人民共和国民法典》第一百一十八条,0.0007993605115907274
《中华人民共和国民法典》第一百一十八条、第一百一十九条,0.0007993605115907274
《中华人民共和国民法典》第一百一十八条、第一百一十九条、第四百六十五条、第六百七十九条,0.0003996802557953637
《中华人民共和国民法典》第一百一十条、第一千一百七十九条,0.0003996802557953637
《中华人民共和国民法典》第一百七十九条,0.0019984012789768186
《中华人民共和国民法典》第一百七十八条,0.0007993605115907274
《中华人民共和国民法典》第一百七十八条、第四百六十四条,0.0003996802557953637
《中华人民共和国民法典》第一百七十六条,0.005595523581135092
《中华人民共和国民法典》第一百七十六条、第一百七十九条,0.0015987210231814548
《中华人民共和国民法典》第一百七十六条、第五百七十七条、第五百七十九条、第五百八十四条、第六百八十七条,0.0003996802557953637
《中华人民共和国民法典》第一百七十六条、第五百七十九条,0.0003996802557953637
《中华人民共和国民法典》第一百七十六条、第六百八十条,0.0003996802557953637
《中华人民共和国民法典》第一百七十六条、第四百六十九条,0.0003996802557953637
《中华人民共和国民法典》第一百七十条,0.0003996802557953637
《中华人民共和国民法典》第一百七十条、第五百七十九条,0.0003996802557953637
《中华人民共和国民法典》第一百三十条,0.0003996802557953637
《中华人民共和国民法典》第一百九十五条、第六百六十七条、第六百七十五条、第六百七十六条、第一千一百二十二条,0.0003996802557953637
《中华人民共和国民法典》第一百九十四条、第一百八十八条,0.0003996802557953637
《中华人民共和国民法典》第一百二十条、第一千一百七十九条,0.0003996802557953637
《中华人民共和国民法典》第一百五十一条、第一千一百六十五条,0.0007993605115907274
《中华人民共和国民法典》第一百五十七条,0.0035971223021582736
《中华人民共和国民法典》第一百五十七条、第六百七十五条,0.0003996802557953637
《中华人民共和国民法典》第一百五十七条、第六百六十七条,0.0003996802557953637
《中华人民共和国民法典》第一百五十三条,0.001199040767386091
《中华人民共和国民法典》第一百五十三条、第一百五十七条、第六百七十五条,0.0003996802557953637
《中华人民共和国民法典》第一百五十三条、第一百五十七条、第六百六十七条,0.0003996802557953637
《中华人民共和国民法典》第一百五十三条、第一百五十五条、第一百五十七条,0.0003996802557953637
《中华人民共和国民法典》第一百五十九条,0.0003996802557953637
《中华人民共和国民法典》第一百五十九条、第一百八十八条,0.0003996802557953637
《中华人民共和国民法典》第一百八十八条,0.0035971223021582736
《中华人民共和国民法典》第一百八十八条、第一百九十二条、第一百九十三条、第五百七十七条、第六百六十七条、第六百七十四条、第六百七十五条,0.0003996802557953637
《中华人民共和国民法典》第一百八十八条、第一百九十五条、第六百六十七条、第六百七十九条,0.0003996802557953637
《中华人民共和国民法典》第一百八十八条、第五百一十一条,0.0003996802557953637
《中华人民共和国民法典》第一百六十二条,0.0003996802557953637
《中华人民共和国民法典》第一百六十二条、第四百六十五条,0.0003996802557953637
《中华人民共和国民法典》第一百四十七条、第一百四十八条、第一百四十九条、第一百五十条、第一百五十一条,0.0003996802557953637
《中华人民共和国民法典》第一百四十三条,0.001199040767386091
《中华人民共和国民法典》第一百四十三条、第一百八十八条,0.001199040767386091
《中华人民共和国民法典》第一百四十三条、第四百六十五条、第四百六十九条,0.0003996802557953637
《中华人民共和国民法典》第七十四条,0.0003996802557953637
《中华人民共和国民法典》第七十四条、第四百六十五条,0.0007993605115907274
《中华人民共和国民法典》第七条,0.002797761790567546
《中华人民共和国民法典》第七条、第一百一十九条、第一百七十六条、第四百六十九条,0.0003996802557953637
《中华人民共和国民法典》第七条、第一百一十九条、第一百七十六条、第四百六十五条,0.0003996802557953637
《中华人民共和国民法典》第七条、第一百七十一条、第五百七十七条、第五百七十九条,0.0003996802557953637
《中华人民共和国民法典》第七条、第一百三十三条、第一百七十六条、第四百六十五条,0.0003996802557953637
《中华人民共和国民法典》第七条、第一百三十四条,0.0003996802557953637
《中华人民共和国民法典》第七条、第五百七十七条、第五百七十九条,0.0003996802557953637
《中华人民共和国民法典》第七条、第五百七十九条,0.001199040767386091
《中华人民共和国民法典》第七条、第五百七十九条、第五百八十六条,0.0003996802557953637
《中华人民共和国民法典》第七条、第六十一条,0.0019984012789768186
《中华人民共和国民法典》第七条、第六百七十五条,0.0003996802557953637
《中华人民共和国民法典》第七条、第四百六十九条、第四百九十条,0.0003996802557953637
《中华人民共和国民法典》第七条、第四百六十五条,0.0003996802557953637
《中华人民共和国民法典》第七百七十条,0.0003996802557953637
《中华人民共和国民法典》第七百七十条、第七百八十二条,0.0003996802557953637
《中华人民共和国民法典》第七百七十条、第七百八十条、第七百八十一条、第七百八十二条,0.0003996802557953637
《中华人民共和国民法典》第七百八十二条,0.0003996802557953637
《中华人民共和国民法典》第七百条,0.0003996802557953637
《中华人民共和国民法典》第七百条、第六百七十五条、第六百七十六条、第六百八十八条,0.0003996802557953637
《中华人民共和国民法典》第三条,0.0007993605115907274
《中华人民共和国民法典》第三条、第七条,0.0003996802557953637
《中华人民共和国民法典》第三条、第七条、第五百七十九条,0.0003996802557953637
《中华人民共和国民法典》第三条、第六百六十七条、第六百七十五条,0.0003996802557953637
《中华人民共和国民法典》第三百九十二条,0.0003996802557953637
《中华人民共和国民法典》第三百九十二条、第三百九十四条,0.0003996802557953637
《中华人民共和国民法典》第三百九十二条、第三百九十四条、第四百四十三条、第五百七十七条、第六百七十六条、第六百八十八条、第六百九十一条、第七百条,0.0003996802557953637
《中华人民共和国民法典》第三百九十四条,0.0003996802557953637
《中华人民共和国民法典》第三百九十四条、第四百一十条、第六百六十七条、第六百七十四条、第六百七十五条、第六百七十六条,0.0003996802557953637
《中华人民共和国民法典》第三百九十四条、第四百一十条、第四百一十四条、第五百七十七条、第六百六十七条、第六百七十四条、第六百七十五条、第六百七十六条,0.0003996802557953637
《中华人民共和国民法典》第三百八十九条、第三百九十四条、第六百六十七条、第六百七十六条,0.0003996802557953637
《中华人民共和国民法典》第二十七条,0.0003996802557953637
《中华人民共和国民法典》第二十七条、第一千一百七十九条,0.0003996802557953637
《中华人民共和国民法典》第二百三十五条、第二百三十八条、第二百四十条、第五百七十七条、第五百九十五条、第六百二十六条、第六百二十八条,0.0003996802557953637
《中华人民共和国民法典》第二百六十七条、第一千一百六十五条、第一千一百八十四条、第一千一百八十八条,0.0003996802557953637
《中华人民共和国民法典》第五十七条、第五十九条、第六十条、第六十一条,0.0003996802557953637
《中华人民共和国民法典》第五十六条,0.002797761790567546
《中华人民共和国民法典》第五十六条、第五百七十七条、第六百二十八条,0.0003996802557953637
《中华人民共和国民法典》第五十六条、第五百七十九条,0.0003996802557953637
《中华人民共和国民法典》第五十四条、第五十六条,0.0003996802557953637
《中华人民共和国民法典》第五条,0.0003996802557953637
《中华人民共和国民法典》第五条、第八条,0.0003996802557953637
《中华人民共和国民法典》第五条、第六百七十五条、第六百七十九条,0.0007993605115907274
《中华人民共和国民法典》第五百一十一条、第五百七十七条、第五百七十九条,0.0003996802557953637
《中华人民共和国民法典》第五百一十八条、第五百七十七条、第六百六十七条、第六百七十四条、第六百七十五条、第六百七十六条,0.0003996802557953637
《中华人民共和国民法典》第五百一十八条、第五百七十八条、第六百八十条,0.0003996802557953637
《中华人民共和国民法典》第五百一十条、第五百七十九条,0.0003996802557953637
《中华人民共和国民法典》第五百七十七条,0.015587529976019185
《中华人民共和国民法典》第五百七十七条、第一百一十九条,0.0003996802557953637
《中华人民共和国民法典》第五百七十七条、第七百七十条、第七百八十一条、第七百八十二条,0.0003996802557953637
《中华人民共和国民法典》第五百七十七条、第五百七十九条,0.014388489208633094
《中华人民共和国民法典》第五百七十七条、第五百七十九条、第七条,0.0003996802557953637
《中华人民共和国民法典》第五百七十七条、第五百七十九条、第五百九十五条,0.002398081534772182
《中华人民共和国民法典》第五百七十七条、第五百七十九条、第五百九十五条、第六百二十六条,0.0007993605115907274
《中华人民共和国民法典》第五百七十七条、第五百七十九条、第五百八十三条,0.0007993605115907274
《中华人民共和国民法典》第五百七十七条、第五百七十九条、第五百八十二条、第六百二十六条、第六百二十八条,0.0003996802557953637
《中华人民共和国民法典》第五百七十七条、第五百七十九条、第五百八十五条,0.0003996802557953637
《中华人民共和国民法典》第五百七十七条、第五百七十九条、第五百八十五条、第五百九十五条、第六百二十六条,0.0003996802557953637
《中华人民共和国民法典》第五百七十七条、第五百七十九条、第五百八十四条,0.001199040767386091
《中华人民共和国民法典》第五百七十七条、第五百七十九条、第五百八十四条、第五百八十五条、第六百二十六条、第六百二十八条,0.0003996802557953637
《中华人民共和国民法典》第五百七十七条、第五百七十九条、第五百八十四条、第六百二十六条,0.0007993605115907274
《中华人民共和国民法典》第五百七十七条、第五百七十九条、第六百七十五条,0.002797761790567546
《中华人民共和国民法典》第五百七十七条、第五百七十九条、第六百七十五条、第六百七十六条,0.0015987210231814548
《中华人民共和国民法典》第五百七十七条、第五百七十九条、第六百七十五条、第六百七十六条、第六百七十九条、第六百八十条,0.0007993605115907274
《中华人民共和国民法典》第五百七十七条、第五百七十九条、第六百七十四条,0.0003996802557953637
《中华人民共和国民法典》第五百七十七条、第五百七十九条、第六百七十四条、第六百七十五条,0.0007993605115907274
《中华人民共和国民法典》第五百七十七条、第五百七十九条、第六百二十八条,0.0007993605115907274
《中华人民共和国民法典》第五百七十七条、第五百七十九条、第六百二十六条,0.001199040767386091
《中华人民共和国民法典》第五百七十七条、第五百七十九条、第六百二十六条、第六百二十八条,0.002398081534772182
《中华人民共和国民法典》第五百七十七条、第五百七十九条、第六百四十六条,0.0003996802557953637
《中华人民共和国民法典》第五百七十七条、第五百七十八条、第六百二十六条,0.0003996802557953637
《中华人民共和国民法典》第五百七十七条、第五百九十五条,0.0019984012789768186
《中华人民共和国民法典》第五百七十七条、第五百九十五条、第六百二十六条,0.002398081534772182
《中华人民共和国民法典》第五百七十七条、第五百九十五条、第六百二十六条、第六百二十八条,0.001199040767386091
《中华人民共和国民法典》第五百七十七条、第五百九十五条、第六百二十六条、第六百八十一条、第六百八十五条、第六百八十六条、第六百八十七条、第六百九十一条、第七百条,0.0003996802557953637
《中华人民共和国民法典》第五百七十七条、第五百九十五条、第六百二十六条、第六百八十八条、第六百九十一条、第七百条,0.0003996802557953637
《中华人民共和国民法典》第五百七十七条、第五百八十三条、第六百二十六条、第六百二十八条,0.0003996802557953637
《中华人民共和国民法典》第五百七十七条、第五百八十五条,0.001199040767386091
《中华人民共和国民法典》第五百七十七条、第五百八十四条,0.0007993605115907274
《中华人民共和国民法典》第五百七十七条、第五百八十四条、第六百二十六条,0.0007993605115907274
《中华人民共和国民法典》第五百七十七条、第五百八十四条、第六百二十六条、第六百二十八条,0.0007993605115907274
《中华人民共和国民法典》第五百七十七条、第六百七十五条,0.004396482813749001
《中华人民共和国民法典》第五百七十七条、第六百七十五条、第一千一百六十一条,0.0007993605115907274
《中华人民共和国民法典》第五百七十七条、第六百七十五条、第六百七十六条,0.004796163069544364
《中华人民共和国民法典》第五百七十七条、第六百七十五条、第六百七十六条、第六百八十条,0.0003996802557953637
《中华人民共和国民法典》第五百七十七条、第六百七十四条,0.0003996802557953637
《中华人民共和国民法典》第五百七十七条、第六百七十四条、第六百七十五条、第六百七十六条,0.001199040767386091
《中华人民共和国民法典》第五百七十七条、第六百二十八条,0.0003996802557953637
《中华人民共和国民法典》第五百七十七条、第六百二十六条,0.002398081534772182
《中华人民共和国民法典》第五百七十七条、第六百二十六条、第六百二十八条,0.004396482813749001
《中华人民共和国民法典》第五百七十七条、第六百二十六条、第六百二十八条、第一千一百二十二条,0.0003996802557953637
《中华人民共和国民法典》第五百七十七条、第六百二十六条、第六百二十八条、第六百八十八条、第六百九十一条、第六百九十二条,0.0003996802557953637
《中华人民共和国民法典》第五百七十七条、第六百六十七条,0.0003996802557953637
《中华人民共和国民法典》第五百七十七条、第六百六十七条、第六百七十五条,0.0007993605115907274
《中华人民共和国民法典》第五百七十七条、第六百六十七条、第六百七十五条、第六百七十六条,0.0007993605115907274
《中华人民共和国民法典》第五百七十七条、第四百六十五条,0.0007993605115907274
《中华人民共和国民法典》第五百七十九条,0.02358113509192646
《中华人民共和国民法典》第五百七十九条、第五百一十一条,0.0003996802557953637
《中华人民共和国民法典》第五百七十九条、第五百九十五条,0.0003996802557953637
《中华人民共和国民法典》第五百七十九条、第五百八十三条,0.0003996802557953637
《中华人民共和国民法典》第五百七十九条、第五百八十三条、第五百八十四条,0.0003996802557953637
《中华人民共和国民法典》第五百七十九条、第五百八十四条,0.0007993605115907274
《中华人民共和国民法典》第五百七十九条、第六百七十五条、第六百七十六条,0.0003996802557953637
《中华人民共和国民法典》第五百七十九条、第六百二十六条,0.0007993605115907274
《中华人民共和国民法典》第五百七十九条、第六百二十六条、第六百二十八条,0.0007993605115907274
《中华人民共和国民法典》第五百七十八条、第五百七十九条、第五百八十三条,0.0003996802557953637
《中华人民共和国民法典》第五百七十八条、第五百九十五条、第六百二十六条,0.0003996802557953637
《中华人民共和国民法典》第五百七十八条、第六百七十五条,0.0003996802557953637
《中华人民共和国民法典》第五百七十八条、第六百七十五条、第六百七十六条,0.0003996802557953637
《中华人民共和国民法典》第五百七十八条、第六百八十一条、第六百八十八条、第六百九十一条、第七百条,0.0003996802557953637
《中华人民共和国民法典》第五百九十一条,0.0003996802557953637
《中华人民共和国民法典》第五百九十五条,0.002797761790567546
《中华人民共和国民法典》第五百九十五条、第六百二十八条、第五百一十一条,0.0003996802557953637
《中华人民共和国民法典》第五百五十二条,0.0003996802557953637
《中华人民共和国民法典》第五百五十二条、第四百六十五条,0.0003996802557953637
《中华人民共和国民法典》第五百八十七条、第五百九十一条、第五百八十八条、第五百八十三条,0.0003996802557953637
《中华人民共和国民法典》第五百八十三条,0.0007993605115907274
《中华人民共和国民法典》第五百八十二条、第四百六十五条,0.0003996802557953637
《中华人民共和国民法典》第五百八十五条,0.0003996802557953637
《中华人民共和国民法典》第五百八十条,0.0003996802557953637
《中华人民共和国民法典》第五百六十一条,0.0003996802557953637
《中华人民共和国民法典》第五百六十一条、第五百七十七条、第五百七十九条、第六百七十五条、第六百七十六条,0.0003996802557953637
《中华人民共和国民法典》第五百六十一条、第五百七十七条、第六百七十四条、第六百七十五条、第六百七十六条,0.0003996802557953637
《中华人民共和国民法典》第五百六十一条、第六百七十五条,0.0007993605115907274
《中华人民共和国民法典》第五百六十一条、第六百七十五条、第六百七十六条,0.0003996802557953637
《中华人民共和国民法典》第五百六十一条、第四百六十五条、第四百九十条,0.0003996802557953637
《中华人民共和国民法典》第五百六十三条,0.0019984012789768186
《中华人民共和国民法典》第五百六十三条、第五百六十六条,0.0003996802557953637
《中华人民共和国民法典》第五百六十二条、第五百六十六条,0.0007993605115907274
《中华人民共和国民法典》第五百六十五条,0.0007993605115907274
《中华人民共和国民法典》第五百六十六条,0.0003996802557953637
《中华人民共和国民法典》第五百六十条,0.0003996802557953637
《中华人民共和国民法典》第五百六十条、第五百七十七条、第六百七十四条、第六百七十五条、第六百七十六条,0.0003996802557953637
《中华人民共和国民法典》第五百四十三条、第五百七十七条、第五百七十九条、第五百八十五条、第六百二十八条,0.0003996802557953637
《中华人民共和国民法典》第五百四十五条、第五百七十七条、第六百七十五条,0.0003996802557953637
《中华人民共和国民法典》第五百条,0.0003996802557953637
《中华人民共和国民法典》第八条,0.0003996802557953637
《中华人民共和国民法典》第八条、第一百五十三条、第一百五十五条、第一百五十七条,0.0003996802557953637
《中华人民共和国民法典》第六十条,0.0003996802557953637
《中华人民共和国民法典》第六百七十九条,0.0015987210231814548
《中华人民共和国民法典》第六百七十九条、第六百七十五条,0.0003996802557953637
《中华人民共和国民法典》第六百七十五条,0.012390087929656275
《中华人民共和国民法典》第六百七十五条、第六百七十九条,0.0015987210231814548
《中华人民共和国民法典》第六百七十五条、第六百七十六条,0.009592326139088728
《中华人民共和国民法典》第六百七十五条、第六百七十六条、第六百七十九条,0.0003996802557953637
《中华人民共和国民法典》第六百七十五条、第六百七十六条、第六百八十八条、第六百九十一条、第七百条,0.0003996802557953637
《中华人民共和国民法典》第六百七十五条、第六百七十六条、第六百八十条,0.0007993605115907274
《中华人民共和国民法典》第六百七十五条、第六百八十八条、第六百九十一条,0.0003996802557953637
《中华人民共和国民法典》第六百七十六条,0.0019984012789768186
《中华人民共和国民法典》第六百七十六条、第六百七十九条、第六百九十二条,0.0003996802557953637
《中华人民共和国民法典》第六百七十四条、第六百七十五条,0.0015987210231814548
《中华人民共和国民法典》第六百七十四条、第六百七十五条、第六百七十九条、第六百八十条,0.0003996802557953637
《中华人民共和国民法典》第六百七十四条、第六百七十五条、第六百七十六条,0.002398081534772182
《中华人民共和国民法典》第六百七十四条、第六百七十五条、第六百七十六条、第六百七十九条,0.0003996802557953637
《中华人民共和国民法典》第六百七十四条、第六百七十五条、第六百七十六条、第六百七十九条、第六百八十条,0.0003996802557953637
《中华人民共和国民法典》第六百七十四条、第六百七十五条、第六百七十六条、第六百八十八条,0.0003996802557953637
《中华人民共和国民法典》第六百七十四条、第六百七十五条、第六百七十六条、第六百八十六条、第六百八十七条、第六百九十一条,0.0003996802557953637
《中华人民共和国民法典》第六百七十四条、第六百七十五条、第六百七十六条、第六百八十条,0.0003996802557953637
《中华人民共和国民法典》第六百九十三条、第六百七十条,0.0003996802557953637
《中华人民共和国民法典》第六百二十一条,0.0003996802557953637
《中华人民共和国民法典》第六百二十八条,0.0007993605115907274
《中华人民共和国民法典》第六百二十八条、第六百八十一条、第六百八十八条,0.0003996802557953637
《中华人民共和国民法典》第六百二十六条,0.0035971223021582736
《中华人民共和国民法典》第六百二十六条、第六百二十八条,0.003996802557953637
《中华人民共和国民法典》第六百八十八条,0.0003996802557953637
《中华人民共和国民法典》第六百八十六条,0.0003996802557953637
《中华人民共和国民法典》第六百八十六条、第六百九十二条、第六百九十三条,0.0003996802557953637
《中华人民共和国民法典》第六百八十条第一款,0.0003996802557953637
《中华人民共和国民法典》第六百六十七条,0.005595523581135092
《中华人民共和国民法典》第六百六十七条、第六百七十九条,0.0007993605115907274
《中华人民共和国民法典》第六百六十七条、第六百七十五条,0.002797761790567546
《中华人民共和国民法典》第六百六十七条、第六百七十五条、第一千一百二十二条,0.0003996802557953637
《中华人民共和国民法典》第六百六十七条、第六百七十五条、第六百七十九条,0.001199040767386091
《中华人民共和国民法典》第六百六十七条、第六百七十五条、第六百七十九条、第六百八十条,0.0007993605115907274
《中华人民共和国民法典》第六百六十七条、第六百七十五条、第六百七十六条,0.002398081534772182
《中华人民共和国民法典》第六百六十七条、第六百七十五条、第六百七十六条、第六百八十六条、第六百九十一条,0.0003996802557953637
《中华人民共和国民法典》第六百六十七条、第六百七十五条、第六百七十六条、第六百八十条,0.0003996802557953637
《中华人民共和国民法典》第六百六十七条、第六百七十五条、第六百八十六条,0.0003996802557953637
《中华人民共和国民法典》第六百六十七条、第六百七十五条、第六百八十条,0.0007993605115907274
《中华人民共和国民法典》第六百六十七条、第六百七十六条,0.0003996802557953637
《中华人民共和国民法典》第六百六十七条、第六百七十四条,0.0007993605115907274
《中华人民共和国民法典》第六百六十七条、第六百七十四条、第六百七十五条,0.0003996802557953637
《中华人民共和国民法典》第六百六十七条、第六百七十四条、第六百七十五条、第六百七十六条,0.0007993605115907274
《中华人民共和国民法典》第六百六十七条、第六百八十一条、第六百八十六条、第六百八十七条、第六百九十二条、第六百九十三条,0.0003996802557953637
《中华人民共和国民法典》第六百六十七条、第六百六十八条、第六百七十五条、第六百七十六条、第六百七十九条、第五百八十三条、第五百八十五条,0.0003996802557953637
《中华人民共和国民法典》第六百六十八条、第六百七十五条,0.0003996802557953637
《中华人民共和国民法典》第十七条、第一千一百六十五条,0.0003996802557953637
《中华人民共和国民法典》第十八条,0.0003996802557953637
《中华人民共和国民法典》第十条,0.0003996802557953637
《中华人民共和国民法典》第四百一十五条、第四百二十五条、第五百七十七条、第六百七十四条、第六百七十五条、第六百七十六条,0.0003996802557953637
《中华人民共和国民法典》第四百一十条、第五百六十三条、第五百六十五条、第六百七十四条、第六百七十五条、第六百七十六条,0.0003996802557953637
《中华人民共和国民法典》第四百七十一条、第四百七十二条、第四百七十九条,0.0003996802557953637
《中华人民共和国民法典》第四百七十一条、第四百八十三条,0.0003996802557953637
《中华人民共和国民法典》第四百九十一条、第四百九十六条、第五百条、第四百七十一条,0.0003996802557953637
《中华人民共和国民法典》第四百六十九条,0.004396482813749001
《中华人民共和国民法典》第四百六十九条、第五百七十七条、第五百七十九条,0.001199040767386091
《中华人民共和国民法典》第四百六十五条,0.032773780975219824
《中华人民共和国民法典》第四百六十五条、第五百七十七条,0.0003996802557953637
《中华人民共和国民法典》第四百六十五条、第五百七十七条、第五百七十九条,0.0015987210231814548
《中华人民共和国民法典》第四百六十五条、第五百七十七条、第五百七十九条、第五百九十五条,0.0003996802557953637
《中华人民共和国民法典》第四百六十五条、第五百七十七条、第五百九十五条、第六百二十六条、第六百二十八条,0.0003996802557953637
《中华人民共和国民法典》第四百六十五条、第五百七十七条、第五百八十五条,0.0007993605115907274
《中华人民共和国民法典》第四百六十五条、第五百七十九条,0.0003996802557953637
《中华人民共和国民法典》第四百六十五条、第五百条,0.0007993605115907274
《中华人民共和国民法典》第四百六十五条、第六百六十七条、第六百七十四条、第六百七十五条、第六百七十六条、第六百七十九条,0.0003996802557953637
《中华人民共和国民法典》第四百六十五条、第四百九十条,0.0003996802557953637
《中华人民共和国民法典》第四百六十五条、第四百六十七条、第五百七十七条、第五百七十九条,0.0007993605115907274
《中华人民共和国民法典》第四百六十五条、第四百六十九条、第五百一十条、第五百一十一条,0.0003996802557953637
《中华人民共和国民法典》第四百六十五条第一款,0.0003996802557953637
《中华人民共和国民法典》第四百六十四条、第四百六十五条,0.0003996802557953637
《中华人民共和国民法典法》第六百二十八条,0.0003996802557953637
《中华人民共和国民法总则》第一百一十八条、第一百五十七条、第一百七十六条,0.0003996802557953637
《中华人民共和国民法总则》第一百八十八条,0.0007993605115907274
《中华人民共和国民法总则》第一百六十五条,0.0003996802557953637
《中华人民共和国民法通则》第一百三十五条、第一百三十七条,0.0003996802557953637
《中华人民共和国民法通则》第二十九条,0.0003996802557953637
《中华人民共和国民法通则》第八十四条、第九十条,0.0003996802557953637
《中华人民共和国民用航空法》第一百八十四条,0.0003996802557953637
《中华人民共和国海上交通安全法》第一百二十一条,0.0003996802557953637
《中华人民共和国海商法》第二十一条、第二十二条,0.0003996802557953637
《中华人民共和国海商法》第二百六十八条,0.0003996802557953637
《中华人民共和国消费者权益保护法》第八条,0.0003996802557953637
《中华人民共和国涉外民事关系法律适用法》第三条,0.0003996802557953637
《中华人民共和国涉外民事关系法律适用法》第三条、第四十一条,0.0003996802557953637
《中华人民共和国涉外民事关系法律适用法》第二十三条、第二十七条,0.0003996802557953637
《中华人民共和国涉外民事关系法律适用法》第二条、第四十一条,0.0003996802557953637
《中华人民共和国涉外民事关系法律适用法》第十四条、第四十一条,0.0007993605115907274
《中华人民共和国涉外民事关系法律适用法》第四十一条,0.007194244604316547
《中华人民共和国涉外民事关系法律适用法》第四十四条,0.0003996802557953637
《中华人民共和国物权法》第一百七十九条,0.0007993605115907274
《中华人民共和国物权法》第一百七十六条,0.0003996802557953637
《中华人民共和国物权法》第一百九十五条,0.0003996802557953637
《中华人民共和国电子商务法》第四十九条,0.0003996802557953637
《中华人民共和国社会保险法》第三十条,0.0003996802557953637
《中华人民共和国票据法》第九十五条,0.0003996802557953637
《中华人民共和国继承法》第三条、第十条,0.0003996802557953637
《中华人民共和国道***交通安全法》第七十六条,0.0003996802557953637
《中华人民共和国道路交通安全法》第七十三条、第七十六条,0.0003996802557953637
《中华人民共和国道路交通安全法》第七十六条,0.06674660271782575
《中华人民共和国道路交通安全法》第七十六条、第一百四十七条,0.0003996802557953637
《中华人民共和国道路交通安全法》第二十二条,0.0003996802557953637
《中华人民共和国道路交通安全法》第二十二条、第七十六条,0.0003996802557953637
《中华人民共和国道路交通安全法》第五十七条,0.0003996802557953637
《中华人民共和国道路交通安全法》第六十二条、第七十六条,0.0003996802557953637
《中华人民共和某民事诉讼法》第六十七条、第一百四十七条、第一百六十五条,0.0003996802557953637
《中华人民共和某民法典》第四百六十五条,0.0003996802557953637
《中华人民共和民事诉讼法》第一百四十七条、第一百六十五条,0.001199040767386091
《中华人民共国合同法》第二百一十条,0.0003996802557953637
《中华人民民事诉讼法》第一百四十七条,0.0003996802557953637
《中华某共和国民事诉讼法》第六十七条,0.0003996802557953637
《中华某共和国民法典》第一千一百七十九条,0.0003996802557953637
《九民会议纪要》第71条,0.0003996802557953637
《人损解释》第七条、第九条、第十条、第二十三条,0.0003996802557953637
《人民币银行结算账户管理办法》第六十五条,0.0003996802557953637
《人民银行结算账户管理办法》第六十五条,0.0003996802557953637
《依照《中华人民共和国民法典》第五百七十九条,0.0003996802557953637
《保证人连带保证承诺书》第五条,0.0003996802557953637
《保障中小企业款项支付条例》第十五条,0.0003996802557953637
《保障农民工工资支付条例》第三十条,0.0015987210231814548
《保障农民工工资支付条例》第三十条、第二十九条,0.0007993605115907274
《保障农民工工资支付条例》第三十条、第十八条,0.0003996802557953637
《保障农民工工资支付条例》第二十九条,0.0007993605115907274
《保障农民工工资支付条例》第二条,0.0003996802557953637
《保障农民工工资支付条例》第十九条,0.0003996802557953637
《保障农民工工资支付条例》第十九条、第三十条、第三十六条,0.0003996802557953637
《借款合同》第五条、第六条、第22条、第八条,0.0003996802557953637
《借款合同》第十条、第二条、第五条,0.0003996802557953637
《债权转让协议书》第三条,0.0003996802557953637
《全国法院民商事审判工作会议纪要》第17条、第19条,0.0003996802557953637
《公司条例》第117条,0.0007993605115907274
《公司法》第16条,0.0003996802557953637
《公约》第七十四条,0.0003996802557953637
《关于审理人身损害赔偿案件适用法律若干问题的解释》第一条、第六条,0.0003996802557953637
《关于审理人身损害赔偿案件适用法律若干问题的解释》第一条、第六条、第七条、第八条、第九条、第十条、第十一条,0.0015987210231814548
《关于审理人身损害赔偿案件适用法律若干问题的解释》第一条、第六条、第七条、第八条、第九条、第十条、第十一条、第十二条,0.0003996802557953637
《关于审理人身损害赔偿案件适用法律若干问题的解释》第一条、第六条、第八条、第九条、第十条、第十一条,0.0015987210231814548
《关于审理人身损害赔偿案件适用法律若干问题的解释》第一条、第六条、第八条、第九条、第十条、第十一条、第二十三条,0.0003996802557953637
《关于审理人身损害赔偿案件适用法律若干问题的解释》第六条、第八条、第九条、第十条、第十一条,0.0003996802557953637
《关于审理劳动争议案件若干疑难问题的解答》第14条,0.0007993605115907274
《关于审理民间借贷案件适用法律若干问题的规定》第二十五条、第二十八条,0.0007993605115907274
《关于审理涉彩礼纠纷案件适用法律若干问题的规定》第五条,0.0003996802557953637
《关于适用〈中华人民共和国民事诉讼法〉的解释》第九十条,0.001199040767386091
《出租汽车驾驶员从业资格管理规定》第十六条,0.0003996802557953637
《北京市预拌混凝土买卖合同》第七条,0.0003996802557953637
《北京市高级人民法院关于北京市第四中级人民法院案件管辖的规定（2018年修订）》第一条,0.0007993605115907274
《合同》第五条,0.0003996802557953637
《咸宁市中级人民法院关于审理道路交通事故损害赔偿案件裁判指引》第九条,0.0003996802557953637
《四川省高级人民法院关于审理建设工程施工合同纠纷案件若干疑难问题的解答》第二条,0.0007993605115907274
《大湖1.3***高层东区一标段（3＃／6＃／8＃楼）石材采购合同》（以下简称采购合同）第八条,0.0003996802557953637
《山东省高级人民法院关于审理人身损害赔偿案件若干问题的意见》第八十五条,0.0003996802557953637
《建筑法》第六十七条,0.0003996802557953637
《建设领域农民工工资支付管理暂行办法》第十二条,0.0003996802557953637
《抵押合同》第十一条,0.0003996802557953637
《最高人某法院关于适用婚姻家庭编的解释（一）》第四十二条、第五十三条,0.0003996802557953637
《最高人民法院〈关于审理民间借贷案件适用法律若干问题的规定〉》第二十五条、第三十一条,0.0003996802557953637
《最高人民法院〈关于审理道路交通事故损害案件适用法律若干问题的解释〉》第十一条,0.0003996802557953637
《最高人民法院〈关于审理道路交通事故损害赔偿案件适用法律若干问题〉的解释》第十二条,0.0003996802557953637
《最高人民法院〈关于审理道路交通事故损害赔偿案件适用法律若干问题的解释〉》第十二条,0.001199040767386091
《最高人民法院关于人民法院审理借贷案件的若干意见》第六条,0.0003996802557953637
《最高人民法院关于审理买卖合同纠纷案件适用法律问题的解释》第一条,0.0019984012789768186
《最高人民法院关于审理买卖合同纠纷案件适用法律问题的解释》第一条、第五条、第十八条,0.0003996802557953637
《最高人民法院关于审理买卖合同纠纷案件适用法律问题的解释》第一条、第十八条,0.002398081534772182
《最高人民法院关于审理买卖合同纠纷案件适用法律问题的解释》第五条第一款,0.0003996802557953637
《最高人民法院关于审理买卖合同纠纷案件适用法律问题的解释》第十八条,0.037569944044764186
《最高人民法院关于审理买卖合同纠纷案件适用法律问题的解释》第十八条第四款,0.0003996802557953637
《最高人民法院关于审理买卖合同纠纷案件适用法律问题的解释的规定》第十八条,0.0003996802557953637
《最高人民法院关于审理买卖合同纠纷案件适用法律问题的解释（2020年修正）》第十八条,0.0007993605115907274
《最高人民法院关于审理买卖合同纠纷案件适用法律问题的解释（2020）修正》第十八条,0.0007993605115907274
《最高人民法院关于审理买卖合同纠纷适用法律问题的解释》第十八条,0.0003996802557953637
《最高人民法院关于审理人身损失赔偿案件适用法律的解释》第六条、第七条、第八条、第九条、第十条、第十一条、第十三条,0.0003996802557953637
《最高人民法院关于审理人身损害××××适用法律若干问题的解释》第六条、第七条、第八条、第九条、第十条、第十一条、第十二条、第二十二条,0.0003996802557953637
《最高人民法院关于审理人身损害赔偿案件适用法律若干问题的解释》第一条、第七条、第八条、第九条、第十二条、第十六条、第十七条、第二十二条、第二十三条,0.0003996802557953637
《最高人民法院关于审理人身损害赔偿案件适用法律若干问题的解释》第一条、第六条,0.0003996802557953637
《最高人民法院关于审理人身损害赔偿案件适用法律若干问题的解释》第一条、第六条、第七条、第八条、第九条、第十一条,0.0003996802557953637
《最高人民法院关于审理人身损害赔偿案件适用法律若干问题的解释》第一条、第六条、第七条、第八条、第九条、第十条,0.002797761790567546
《最高人民法院关于审理人身损害赔偿案件适用法律若干问题的解释》第一条、第六条、第七条、第八条、第九条、第十条、第二十二条,0.0003996802557953637
《最高人民法院关于审理人身损害赔偿案件适用法律若干问题的解释》第一条、第六条、第七条、第八条、第九条、第十条、第十一条,0.001199040767386091
《最高人民法院关于审理人身损害赔偿案件适用法律若干问题的解释》第一条、第六条、第七条、第八条、第九条、第十条、第十一条、第十三条,0.0007993605115907274
《最高人民法院关于审理人身损害赔偿案件适用法律若干问题的解释》第一条、第六条、第七条、第八条、第九条、第十条、第十一条、第十二条、第二十三条,0.001199040767386091
《最高人民法院关于审理人身损害赔偿案件适用法律若干问题的解释》第一条、第六条、第七条、第八条、第九条、第十条、第十一条、第十二条、第十三条、第二十三条,0.0003996802557953637
《最高人民法院关于审理人身损害赔偿案件适用法律若干问题的解释》第一条、第六条、第七条、第八条、第九条、第十条、第十一条、第十二条、第十三条、第十七条、第二十二条、第二十三条,0.0003996802557953637
《最高人民法院关于审理人身损害赔偿案件适用法律若干问题的解释》第一条、第六条、第七条、第八条、第九条、第十条、第十一条、第十二条、第十六条、第十七条、第二十三条,0.0003996802557953637
《最高人民法院关于审理人身损害赔偿案件适用法律若干问题的解释》第一条、第六条、第八条,0.0003996802557953637
《最高人民法院关于审理人身损害赔偿案件适用法律若干问题的解释》第一条、第六条、第八条、第九条、第十条,0.002398081534772182
《最高人民法院关于审理人身损害赔偿案件适用法律若干问题的解释》第一条、第六条、第八条、第九条、第十条、第十一条、第十二条,0.0003996802557953637
《最高人民法院关于审理人身损害赔偿案件适用法律若干问题的解释》第一条、第六条、第八条、第九条、第十条、第十一条、第十二条、第二十三条,0.0003996802557953637
《最高人民法院关于审理人身损害赔偿案件适用法律若干问题的解释》第七条,0.0015987210231814548
《最高人民法院关于审理人身损害赔偿案件适用法律若干问题的解释》第七条、第八条、第九条、第十条、第十一条、第十二条、第二十二条、第二十三条,0.0003996802557953637
《最高人民法院关于审理人身损害赔偿案件适用法律若干问题的解释》第七条、第十二条、第二十三条、第六条、第八条、第九条、第十条、第十一条、第十三条,0.0003996802557953637
《最高人民法院关于审理人身损害赔偿案件适用法律若干问题的解释》第三条、第六条、第七条、第八条、第九条、第十条、第十一条、第十二条、第十六条、第十七条、第二十二条、第二十三条,0.0003996802557953637
《最高人民法院关于审理人身损害赔偿案件适用法律若干问题的解释》第九条,0.0015987210231814548
《最高人民法院关于审理人身损害赔偿案件适用法律若干问题的解释》第二十二条、第六条、第七条、第八条、第九条、第十一条,0.0003996802557953637
《最高人民法院关于审理人身损害赔偿案件适用法律若干问题的解释》第八条,0.002398081534772182
《最高人民法院关于审理人身损害赔偿案件适用法律若干问题的解释》第八条、第九条、第十一条、第十二条、第二十二条,0.0003996802557953637
《最高人民法院关于审理人身损害赔偿案件适用法律若干问题的解释》第六条,0.005195843325339729
《最高人民法院关于审理人身损害赔偿案件适用法律若干问题的解释》第六条、第七条,0.0003996802557953637
《最高人民法院关于审理人身损害赔偿案件适用法律若干问题的解释》第六条、第七条、第九条,0.0015987210231814548
《最高人民法院关于审理人身损害赔偿案件适用法律若干问题的解释》第六条、第七条、第九条、第十一条、第二十二条,0.0003996802557953637
《最高人民法院关于审理人身损害赔偿案件适用法律若干问题的解释》第六条、第七条、第九条、第十条,0.0003996802557953637
《最高人民法院关于审理人身损害赔偿案件适用法律若干问题的解释》第六条、第七条、第八条,0.0003996802557953637
《最高人民法院关于审理人身损害赔偿案件适用法律若干问题的解释》第六条、第七条、第八条、第九条,0.0003996802557953637
《最高人民法院关于审理人身损害赔偿案件适用法律若干问题的解释》第六条、第七条、第八条、第九条、第十一条,0.0007993605115907274
《最高人民法院关于审理人身损害赔偿案件适用法律若干问题的解释》第六条、第七条、第八条、第九条、第十一条、第二十二条,0.0003996802557953637
《最高人民法院关于审理人身损害赔偿案件适用法律若干问题的解释》第六条、第七条、第八条、第九条、第十一条、第十二条,0.0003996802557953637
《最高人民法院关于审理人身损害赔偿案件适用法律若干问题的解释》第六条、第七条、第八条、第九条、第十二条、第十六条、第十七条、第二十二条,0.0003996802557953637
《最高人民法院关于审理人身损害赔偿案件适用法律若干问题的解释》第六条、第七条、第八条、第九条、第十条,0.0015987210231814548
《最高人民法院关于审理人身损害赔偿案件适用法律若干问题的解释》第六条、第七条、第八条、第九条、第十条、第十一条,0.009992006394884092
《最高人民法院关于审理人身损害赔偿案件适用法律若干问题的解释》第六条、第七条、第八条、第九条、第十条、第十一条、第二十三条,0.0003996802557953637
《最高人民法院关于审理人身损害赔偿案件适用法律若干问题的解释》第六条、第七条、第八条、第九条、第十条、第十一条、第二十二条,0.005595523581135092
《最高人民法院关于审理人身损害赔偿案件适用法律若干问题的解释》第六条、第七条、第八条、第九条、第十条、第十一条、第十三条,0.001199040767386091
《最高人民法院关于审理人身损害赔偿案件适用法律若干问题的解释》第六条、第七条、第八条、第九条、第十条、第十一条、第十二条,0.0019984012789768186
《最高人民法院关于审理人身损害赔偿案件适用法律若干问题的解释》第六条、第七条、第八条、第九条、第十条、第十一条、第十二条、第二十三条,0.0003996802557953637
《最高人民法院关于审理人身损害赔偿案件适用法律若干问题的解释》第六条、第七条、第八条、第九条、第十条、第十一条、第十二条、第二十二条,0.004396482813749001
《最高人民法院关于审理人身损害赔偿案件适用法律若干问题的解释》第六条、第七条、第八条、第九条、第十条、第十一条、第十二条、第二十二条、第二十三条,0.005995203836930456
《最高人民法院关于审理人身损害赔偿案件适用法律若干问题的解释》第六条、第七条、第八条、第九条、第十条、第十一条、第十二条、第十七条,0.001199040767386091
《最高人民法院关于审理人身损害赔偿案件适用法律若干问题的解释》第六条、第七条、第八条、第九条、第十条、第十一条、第十二条、第十七条、第二十三条,0.0007993605115907274
《最高人民法院关于审理人身损害赔偿案件适用法律若干问题的解释》第六条、第七条、第八条、第九条、第十条、第十一条、第十二条、第十三条,0.0003996802557953637
《最高人民法院关于审理人身损害赔偿案件适用法律若干问题的解释》第六条、第七条、第八条、第九条、第十条、第十一条、第十二条、第十三条、第二十三条,0.0003996802557953637
《最高人民法院关于审理人身损害赔偿案件适用法律若干问题的解释》第六条、第七条、第八条、第九条、第十条、第十一条、第十二条、第十三条、第二十二条,0.0015987210231814548
《最高人民法院关于审理人身损害赔偿案件适用法律若干问题的解释》第六条、第七条、第八条、第九条、第十条、第十一条、第十二条、第十三条、第二十二条、第二十三条,0.0007993605115907274
《最高人民法院关于审理人身损害赔偿案件适用法律若干问题的解释》第六条、第七条、第八条、第九条、第十条、第十一条、第十二条、第十三条、第十七条,0.0003996802557953637
《最高人民法院关于审理人身损害赔偿案件适用法律若干问题的解释》第六条、第七条、第八条、第九条、第十条、第十一条、第十二条、第十三条、第十七条、第二十三条,0.0003996802557953637
《最高人民法院关于审理人身损害赔偿案件适用法律若干问题的解释》第六条、第七条、第八条、第九条、第十条、第十一条、第十二条、第十三条、第十六条、第十七条,0.0003996802557953637
《最高人民法院关于审理人身损害赔偿案件适用法律若干问题的解释》第六条、第七条、第八条、第九条、第十条、第十一条、第十二条、第十三条、第十六条、第十七条、第二十三条,0.0003996802557953637
《最高人民法院关于审理人身损害赔偿案件适用法律若干问题的解释》第六条、第七条、第八条、第九条、第十条、第十一条、第十二条、第十六条、第二十二条、第二十三条,0.0003996802557953637
《最高人民法院关于审理人身损害赔偿案件适用法律若干问题的解释》第六条、第七条、第八条、第九条、第十条、第十一条、第十二条、第十六条、第十七条,0.0003996802557953637
《最高人民法院关于审理人身损害赔偿案件适用法律若干问题的解释》第六条、第七条、第八条、第九条、第十条、第十一条、第十二条、第十六条、第十七条、第二十三条,0.0003996802557953637
《最高人民法院关于审理人身损害赔偿案件适用法律若干问题的解释》第六条、第七条、第八条、第九条、第十条、第十一条、第十二条、第十六条、第十七条、第二十二条,0.0007993605115907274
《最高人民法院关于审理人身损害赔偿案件适用法律若干问题的解释》第六条、第七条、第八条、第九条、第十条、第十一条、第十二条、第十六条、第十七条、第二十二条、第二十三条,0.007194244604316547
《最高人民法院关于审理人身损害赔偿案件适用法律若干问题的解释》第六条、第七条、第八条、第九条、第十条、第十一条、第十五条、第二十二条、第二十三条,0.0003996802557953637
《最高人民法院关于审理人身损害赔偿案件适用法律若干问题的解释》第六条、第七条、第八条、第九条、第十条、第十一条、第十四条、第十五条、第十七条,0.0003996802557953637
《最高人民法院关于审理人身损害赔偿案件适用法律若干问题的解释》第六条、第七条、第八条、第十一条,0.0003996802557953637
《最高人民法院关于审理人身损害赔偿案件适用法律若干问题的解释》第六条、第七条、第八条、第十一条、第二十二条,0.0003996802557953637
《最高人民法院关于审理人身损害赔偿案件适用法律若干问题的解释》第六条、第七条、第八条、第十条,0.001199040767386091
《最高人民法院关于审理人身损害赔偿案件适用法律若干问题的解释》第六条、第七条、第八条、第十条、第十一条,0.0003996802557953637
《最高人民法院关于审理人身损害赔偿案件适用法律若干问题的解释》第六条、第七条、第八条、第十条、第十一条、第十二条、第十三条,0.0003996802557953637
《最高人民法院关于审理人身损害赔偿案件适用法律若干问题的解释》第六条、第七条、第十一条,0.0007993605115907274
《最高人民法院关于审理人身损害赔偿案件适用法律若干问题的解释》第六条、第九条、第十条、第十一条,0.0007993605115907274
《最高人民法院关于审理人身损害赔偿案件适用法律若干问题的解释》第六条、第九条、第十条、第十一条、第二十二条,0.0003996802557953637
《最高人民法院关于审理人身损害赔偿案件适用法律若干问题的解释》第六条、第九条、第十条、第十一条、第十四条,0.0003996802557953637
《最高人民法院关于审理人身损害赔偿案件适用法律若干问题的解释》第六条、第九条、第十条、第十一条、第十四条、第十五条,0.0003996802557953637
《最高人民法院关于审理人身损害赔偿案件适用法律若干问题的解释》第六条、第八条,0.0003996802557953637
《最高人民法院关于审理人身损害赔偿案件适用法律若干问题的解释》第六条、第八条、第九条、第十一条、第十二条、第二十三条,0.0003996802557953637
《最高人民法院关于审理人身损害赔偿案件适用法律若干问题的解释》第六条、第八条、第九条、第十条,0.0003996802557953637
《最高人民法院关于审理人身损害赔偿案件适用法律若干问题的解释》第六条、第八条、第九条、第十条、第十一条,0.0031974420463629096
《最高人民法院关于审理人身损害赔偿案件适用法律若干问题的解释》第六条、第八条、第九条、第十条、第十一条、第二十二条,0.002398081534772182
《最高人民法院关于审理人身损害赔偿案件适用法律若干问题的解释》第六条、第八条、第九条、第十条、第十一条、第十三条,0.0003996802557953637
《最高人民法院关于审理人身损害赔偿案件适用法律若干问题的解释》第六条、第八条、第九条、第十条、第十一条、第十三条、第十四条、第十五条、第二十三条,0.0003996802557953637
《最高人民法院关于审理人身损害赔偿案件适用法律若干问题的解释》第六条、第八条、第九条、第十条、第十一条、第十二条,0.0015987210231814548
《最高人民法院关于审理人身损害赔偿案件适用法律若干问题的解释》第六条、第八条、第九条、第十条、第十一条、第十二条、第二十三条,0.0003996802557953637
《最高人民法院关于审理人身损害赔偿案件适用法律若干问题的解释》第六条、第八条、第九条、第十条、第十一条、第十二条、第二十二条,0.001199040767386091
《最高人民法院关于审理人身损害赔偿案件适用法律若干问题的解释》第六条、第八条、第九条、第十条、第十一条、第十二条、第二十二条、第二十三条,0.0019984012789768186
《最高人民法院关于审理人身损害赔偿案件适用法律若干问题的解释》第六条、第八条、第九条、第十条、第十一条、第十二条、第十三条、第二十三条,0.0007993605115907274
《最高人民法院关于审理人身损害赔偿案件适用法律若干问题的解释》第六条、第八条、第九条、第十条、第十一条、第十二条、第十三条、第二十二条,0.0003996802557953637
《最高人民法院关于审理人身损害赔偿案件适用法律若干问题的解释》第六条、第八条、第十条,0.0003996802557953637
《最高人民法院关于审理人身损害赔偿案件适用法律若干问题的解释》第六条、第八条、第十条、第十一条,0.0007993605115907274
《最高人民法院关于审理人身损害赔偿案件适用法律若干问题的解释》第六条、第十一条,0.0003996802557953637
《最高人民法院关于审理人身损害赔偿案件适用法律若干问题的解释》第六条、第十二条,0.0003996802557953637
《最高人民法院关于审理人身损害赔偿案件适用法律若干问题的解释》第六条、第十五条、第十六条、第十七条、第二十二条、第二十三条,0.0003996802557953637
《最高人民法院关于审理人身损害赔偿案件适用法律若干问题的解释》第六条、第十四条、第十五条、第二十二条,0.0003996802557953637
《最高人民法院关于审理人身损害赔偿案件适用法律若干问题的解释》第六条、第十四条、第十五条、第十六条、第十七条、第二十二条,0.0003996802557953637
《最高人民法院关于审理人身损害赔偿案件适用法律若干问题的解释》第十一条,0.0015987210231814548
《最高人民法院关于审理人身损害赔偿案件适用法律若干问题的解释》第十七条,0.0003996802557953637
《最高人民法院关于审理人身损害赔偿案件适用法律若干问题的解释》第十七条、第六条、第八条、第九条、第十条、第十一条、第十二条、第十三条、第十六条、第二十二条,0.0003996802557953637
《最高人民法院关于审理人身损害赔偿案件适用法律若干问题的解释》第十二条,0.0007993605115907274
《最高人民法院关于审理人身损害赔偿案件适用法律若干问题的解释》第十五条、第二十二条、第二十三条,0.001199040767386091
《最高人民法院关于审理人身损害赔偿案件适用法律若干问题的解释》第十五条、第十六条、第十七条、第二十二条、第二十三条,0.0003996802557953637
《最高人民法院关于审理人身损害赔偿案件适用法律若干问题的解释》第十六条,0.0003996802557953637
《最高人民法院关于审理人身损害赔偿案件适用法律若干问题的解释》第十四条、第十五条,0.0003996802557953637
《最高人民法院关于审理人身损害赔偿案件适用法律若干问题的解释》第十条,0.001199040767386091
《最高人民法院关于审理人身损害赔偿案件适用法律若干问题的解释》（2022年修正版）第一条,0.0003996802557953637
《最高人民法院关于审理人身损害赔偿案件适用法律若干问题的解释》（2022年修正版）第九条,0.0003996802557953637
《最高人民法院关于审理人身损害赔偿案件适用法律若干问题的解释》（2022年修正版）第二十三条,0.0003996802557953637
《最高人民法院关于审理人身损害赔偿案件适用法律若干问题的解释》（2022年修正版）第二十二条,0.0003996802557953637
《最高人民法院关于审理人身损害赔偿案件适用法律若干问题的解释》（2022年修正版）第二十四条,0.0003996802557953637
《最高人民法院关于审理人身损害赔偿案件适用法律若干问题的解释》（2022年修正版）第十七条,0.0003996802557953637
《最高人民法院关于审理人身损害赔偿案件适用法律若干问题的解释》（2022年修正版）第十五条,0.0003996802557953637
《最高人民法院关于审理人身损害赔偿案件适用法律若干问题的解释》（2022年修正版）第十四条,0.0003996802557953637
《最高人民法院关于审理人身损害赔某案件适用法律若干问题的解释》第六条、第七条、第八条、第九条、第十条、第十一条、第十二条、第十三条,0.0003996802557953637
《最高人民法院关于审理建设工程施工合同纠纷案件适用法律问题的解释（一)》第四十三条,0.0007993605115907274
《最高人民法院关于审理建设工程施工合同纠纷案件适用法律问题的解释（一）》第一条、第二十七条、第四十三条,0.0003996802557953637
《最高人民法院关于审理建设工程施工合同纠纷案件适用法律问题的解释（一）》第二十六条,0.0003996802557953637
《最高人民法院关于审理建设工程施工合同纠纷案件适用法律问题的解释（一）》第二十六条、第二十七条,0.0003996802557953637
《最高人民法院关于审理建设工程施工合同纠纷案件适用法律问题的解释（一）》第四十三条,0.0003996802557953637
《最高人民法院关于审理建设工程施工合同纠纷案件适用法律问题的解释（一）》第四十三条、第一条,0.0003996802557953637
《最高人民法院关于审理建设施工合同纠纷案件适用法律问题的解释㈠》第一条,0.0003996802557953637
《最高人民法院关于审理彩礼纠纷案件适用法律若干问题的规定》第三条,0.0003996802557953637
《最高人民法院关于审理民事案件适用诉讼时效制度若干问题的规定》第十九条,0.0003996802557953637
《最高人民法院关于审理民事案件适用诉讼时效制度若干问题的规定》第四条,0.0007993605115907274
《最高人民法院关于审理民间借贷案件使用法律若干问题的规定》第二十八条,0.0007993605115907274
《最高人民法院关于审理民间借贷案件适用法律若干问题的规定》第一条,0.0003996802557953637
《最高人民法院关于审理民间借贷案件适用法律若干问题的规定》第一条、第二条、第九条,0.0003996802557953637
《最高人民法院关于审理民间借贷案件适用法律若干问题的规定》第一条第一款,0.0003996802557953637
《最高人民法院关于审理民间借贷案件适用法律若干问题的规定》第三十一条,0.002797761790567546
《最高人民法院关于审理民间借贷案件适用法律若干问题的规定》第九条,0.0019984012789768186
《最高人民法院关于审理民间借贷案件适用法律若干问题的规定》第九条、第二十五条、第二十八条,0.0003996802557953637
《最高人民法院关于审理民间借贷案件适用法律若干问题的规定》第九条、第二十八条,0.0003996802557953637
《最高人民法院关于审理民间借贷案件适用法律若干问题的规定》第九条、第二十八条、第二十九条,0.0003996802557953637
《最高人民法院关于审理民间借贷案件适用法律若干问题的规定》第九条、第二十四条、第二十八条,0.0003996802557953637
《最高人民法院关于审理民间借贷案件适用法律若干问题的规定》第九条、第十三条,0.0003996802557953637
《最高人民法院关于审理民间借贷案件适用法律若干问题的规定》第二十七条、第二十八条,0.0003996802557953637
《最高人民法院关于审理民间借贷案件适用法律若干问题的规定》第二十九条,0.0003996802557953637
《最高人民法院关于审理民间借贷案件适用法律若干问题的规定》第二十九条、第三十一条,0.0003996802557953637
《最高人民法院关于审理民间借贷案件适用法律若干问题的规定》第二十五条,0.004796163069544364
《最高人民法院关于审理民间借贷案件适用法律若干问题的规定》第二十五条、第三十一条,0.0015987210231814548
《最高人民法院关于审理民间借贷案件适用法律若干问题的规定》第二十五条、第二十七条、第二十八条、第三十一条,0.0003996802557953637
《最高人民法院关于审理民间借贷案件适用法律若干问题的规定》第二十五条、第二十八条,0.004396482813749001
《最高人民法院关于审理民间借贷案件适用法律若干问题的规定》第二十五条、第二十八条、第三十一条,0.0003996802557953637
《最高人民法院关于审理民间借贷案件适用法律若干问题的规定》第二十五条、第二十六条、第二十八条,0.0003996802557953637
《最高人民法院关于审理民间借贷案件适用法律若干问题的规定》第二十八条,0.03317346123101519
《最高人民法院关于审理民间借贷案件适用法律若干问题的规定》第二十八条、第三十一条,0.0015987210231814548
《最高人民法院关于审理民间借贷案件适用法律若干问题的规定》第二十八条、第二十四条,0.0003996802557953637
《最高人民法院关于审理民间借贷案件适用法律若干问题的规定》第二十八条第二款,0.0007993605115907274
《最高人民法院关于审理民间借贷案件适用法律若干问题的规定》第二十八条第二款第一项,0.0003996802557953637
《最高人民法院关于审理民间借贷案件适用法律若干问题的规定》第二十六条,0.001199040767386091
《最高人民法院关于审理民间借贷案件适用法律若干问题的规定》第二十六条、第二十八条,0.0003996802557953637
《最高人民法院关于审理民间借贷案件适用法律若干问题的规定》第二十四条,0.0007993605115907274
《最高人民法院关于审理民间借贷案件适用法律若干问题的规定》第二十四条、第九条、第二十条、第二十八条,0.0003996802557953637
《最高人民法院关于审理民间借贷案件适用法律若干问题的规定》第二十四条、第二十八条,0.002797761790567546
《最高人民法院关于审理民间借贷案件适用法律若干问题的规定》第二十四条第一款,0.0003996802557953637
《最高人民法院关于审理民间借贷案件适用法律若干问题的规定》第二条,0.005995203836930456
《最高人民法院关于审理民间借贷案件适用法律若干问题的规定》第二条、第二十八条,0.0003996802557953637
《最高人民法院关于审理民间借贷案件适用法律若干问题的规定》第十三条,0.005995203836930456
《最高人民法院关于审理民间借贷案件适用法律若干问题的规定》第十三条、第二十五条,0.0003996802557953637
《最高人民法院关于审理民间借贷案件适用法律若干问题的规定》第十三条、第十六条,0.0003996802557953637
《最高人民法院关于审理民间借贷案件适用法律若干问题的规定》第十五条,0.0003996802557953637
《最高人民法院关于审理民间借贷案件适用法律若干问题的规定》第十八条,0.0003996802557953637
《最高人民法院关于审理民间借贷案件适用法律若干问题的规定》第十六条,0.001199040767386091
《最高人民法院关于审理民间借贷案件适用法律若干问题的规定》第十六条、第二十八条,0.001199040767386091
《最高人民法院关于审理民间借贷案件适用法律若干问题的规定》第十六条、第二十六条,0.0003996802557953637
《最高人民法院关于审理民间借贷案件适用法律若干问题的规定》第十四条,0.001199040767386091
《最高人民法院关于审理民间借贷案件适用法律若干问题的规定》第十四条、第二十五条、第三十一条,0.0003996802557953637
《最高人民法院关于审理民间借贷案件适用法律若干问题的规定》（2015年版）第二十六条,0.0003996802557953637
《最高人民法院关于审理民间借贷案件适用法律若干问题的规定》（2020年12月23日最高人民法院审判委员会第1823次会议通过）第三十一条,0.0003996802557953637
《最高人民法院关于审理民间借贷案件适用法律若干问题的规定》（2020年12月23日最高人民法院审判委员会第1823次会议通过）第二十七条,0.0003996802557953637
《最高人民法院关于审理民间借贷案件适用法律若干问题的规定》（2020年12月23日最高人民法院审判委员会通过）第二十八条第二款第一项,0.0003996802557953637
《最高人民法院关于审理民间借贷案件适用法律若干问题的规定》（2020年第二次修正）第三十一条,0.0007993605115907274
《最高人民法院关于审理民间借贷案件适用法律若干问题的规定》（2020年第二次修正）第二十九条,0.0003996802557953637
《最高人民法院关于审理民间借贷案件适用法律若干问题的规定》（2020年第二次修正）第二十五条,0.0007993605115907274
《最高人民法院关于审理民间借贷案件适用法律若干问题的规定》（2020年第二次修正）第二十八条,0.0015987210231814548
《最高人民法院关于审理民间借贷案件适用法律若干问题的规定》（2020年第二次修正）第二十八条第二款,0.0003996802557953637
《最高人民法院关于审理民间借贷案件适用法律若干问题的规定》（2020年第二次修正）第十四条,0.0003996802557953637
《最高人民法院关于审理民间借贷案件适用法律若干问题的规定》（法释〔2015〕18号）第二十六条第一款,0.0003996802557953637
《最高人民法院关于审理民间借贷案件适用法律若干问题的规定最高人民法院关于审理民间借贷案件适用法律若干问题的规定》第二十八条,0.0003996802557953637
《最高人民法院关于审理民间借贷案件适用法律若干问题的规定（2015年）》第二十六条,0.0003996802557953637
《最高人民法院关于审理民间借贷案件适用法律若干问题的规定（2020年第二次修正）》第二十八条,0.004396482813749001
《最高人民法院关于审理民间借贷案件适用法律若干问题的规定（2020年第二次修正）》第二十八条、第三十一条,0.0003996802557953637
《最高人民法院关于审理民间借贷案件适用法律问题的规定》第二十四条、第二十八条、第三十一条,0.0003996802557953637
《最高人民法院关于审理民间借贷案件适用法律问题若干问题的规定》第二条,0.0003996802557953637
《最高人民法院关于审理民间借贷纠纷案件适用法律若干问题的规定》第二十八条,0.0003996802557953637
《最高人民法院关于审理民间借贷纠纷案件适用法律问题的解释》第十三条,0.0003996802557953637
《最高人民法院关于审理涉及夫妻债务纠纷案件适用法律有关问题的解释》第三条,0.0003996802557953637
《最高人民法院关于审理涉及夫妻债务纠纷案件适用法律有关问题的解释》第二条,0.0003996802557953637
《最高人民法院关于审理涉台民商事案件法律适用问题的规定》第一条,0.0007993605115907274
《最高人民法院关于审理涉彩礼纠纷案件适用法律若干问题的规定》第五条,0.0019984012789768186
《最高人民法院关于审理道***交通事故损害赔偿案件适用法律若干问题的解释》第十一条,0.0003996802557953637
《最高人民法院关于审理道***交通事故损害赔偿案件适用法律若干问题的解释》第十二条、第十三条,0.0003996802557953637
《最高人民法院关于审理道路交通事故损害某某适用法律若干问题的解释》第十二条,0.0003996802557953637
《最高人民法院关于审理道路交通事故损害赔偿案件适用法律若干问题的解释》第一十三条,0.0003996802557953637
《最高人民法院关于审理道路交通事故损害赔偿案件适用法律若干问题的解释》第一条、第十一条,0.0003996802557953637
《最高人民法院关于审理道路交通事故损害赔偿案件适用法律若干问题的解释》第一条、第十一条、第十二条,0.0003996802557953637
《最高人民法院关于审理道路交通事故损害赔偿案件适用法律若干问题的解释》第二十四条,0.001199040767386091
《最高人民法院关于审理道路交通事故损害赔偿案件适用法律若干问题的解释》第十一条,0.002797761790567546
《最高人民法院关于审理道路交通事故损害赔偿案件适用法律若干问题的解释》第十一条、第十三条,0.004396482813749001
《最高人民法院关于审理道路交通事故损害赔偿案件适用法律若干问题的解释》第十一条、第十二条,0.007194244604316547
《最高人民法院关于审理道路交通事故损害赔偿案件适用法律若干问题的解释》第十一条、第十二条、第十三条,0.0031974420463629096
《最高人民法院关于审理道路交通事故损害赔偿案件适用法律若干问题的解释》第十三条,0.004396482813749001
《最高人民法院关于审理道路交通事故损害赔偿案件适用法律若干问题的解释》第十九条,0.0007993605115907274
《最高人民法院关于审理道路交通事故损害赔偿案件适用法律若干问题的解释》第十二条,0.03357314148681055
《最高人民法院关于审理道路交通事故损害赔偿案件适用法律若干问题的解释》第十二条、第十三条,0.0035971223021582736
《最高人民法院关于审理道路交通事故损害赔偿案件适用法律若干问题的解释》第十五条、第十六条,0.0003996802557953637
《最高人民法院关于审理道路交通事故损害赔偿案件适用法律若干问题的解释》第十八条,0.001199040767386091
《最高人民法院关于审理道路交通事故损害赔偿案件适用法律若干问题的解释》第十六条,0.005595523581135092
《最高人民法院关于审理道路交通事故损害赔偿案件适用法律若干问题的解释》第十六条、第十八条,0.0007993605115907274
《最高人民法院关于审理道路交通事故损害赔偿案件适用法律若干问题的解释（2020年修正）》第十二条,0.0003996802557953637
《最高人民法院关于审理道路交通事故损害赔偿案件适用法律若干问题的解释（2020年修正）》第十六条,0.0003996802557953637
《最高人民法院关于审理道路交通事故损害赔某案件适用法律若干问题的解释》第十三条,0.0003996802557953637
《最高人民法院关于当前形势下审理民商事合同纠纷案件若干问题的指导意见》第17条,0.0003996802557953637
《最高人民法院关于执行和解若干问题的规定》第九条,0.0003996802557953637
《最高人民法院关于案例指导工作的规定》第七条,0.0003996802557953637
《最高人民法院关于民事诉讼证据的若干规定(2019修正)》第三十一条,0.0003996802557953637
《最高人民法院关于民事诉讼证据的若干规定》第一条、第三条,0.0003996802557953637
《最高人民法院关于民事诉讼证据的若干规定》第三条,0.0003996802557953637
《最高人民法院关于民事诉讼证据的若干规定》第三条、第八十九条,0.0003996802557953637
《最高人民法院关于民事诉讼证据的若干规定》第三条、第四条、第八条,0.0003996802557953637
《最高人民法院关于民事诉讼证据的若干规定》第九十六条,0.0003996802557953637
《最高人民法院关于民事诉讼证据的若干规定》第八十五条,0.0003996802557953637
《最高人民法院关于确定民事侵权精神损害赔偿责任若干问题的解释》第一条,0.0019984012789768186
《最高人民法院关于确定民事侵权精神损害赔偿责任若干问题的解释》第一条、第五条,0.008792965627498001
《最高人民法院关于确定民事侵权精神损害赔偿责任若干问题的解释》第五条,0.005995203836930456
《最高人民法院关于确定民事侵权精神损害赔偿责任若干问题的解释》第八条,0.011590727418065548
《最高人民法院关于确定民事侵权精神损害赔偿责任若干问题的解释》第六条,0.0003996802557953637
《最高人民法院关于确定民事侵权精神损害赔偿责任若干问题的解释（2020年修正）》第五条,0.0003996802557953637
《最高人民法院关于确定民事侵权精神损害赔偿责任若问题的解释》第五条,0.0003996802557953637
《最高人民法院关于确定民事侵权精神损害赔某责任若干问题的解释》第五条,0.0003996802557953637
《最高人民法院关于适用<中华人民共和国企业破产法＞若干问题的规定（二）》第十九条,0.0003996802557953637
《最高人民法院关于适用<中华人民共和国民事诉讼法＞的解释》第九十条,0.0007993605115907274
《最高人民法院关于适用<中华人民共和国民法典＞婚姻家庭编的解释（一）》第五十三条,0.0003996802557953637
《最高人民法院关于适用<中华人民共和国民法典＞婚姻家庭编的解释（一）》第四十九条,0.0003996802557953637
《最高人民法院关于适用〈中华人民共和国企业破产法〉若干问题的规定（二）》第四十一条,0.0003996802557953637
《最高人民法院关于适用〈中华人民共和国企业破产法〉若干问题的规定（二）》第四十二条,0.0003996802557953637
《最高人民法院关于适用〈中华人民共和国公司法〉若干问题的规定（三）》第十八条,0.0003996802557953637
《最高人民法院关于适用〈中华人民共和国合同法〉若干问题的解释（二）》第二十一条,0.0003996802557953637
《最高人民法院关于适用〈中华人民共和国民事诉讼法〉的解***》第九十条,0.0003996802557953637
《最高人民法院关于适用〈中华人民共和国民事诉讼法〉的解释》第三百二十一条第一款,0.0003996802557953637
《最高人民法院关于适用〈中华人民共和国民事诉讼法〉的解释》第九十二条,0.0003996802557953637
《最高人民法院关于适用〈中华人民共和国民事诉讼法〉的解释》第九十条,0.0539568345323741
《最高人民法院关于适用〈中华人民共和国民事诉讼法〉的解释》第九十条、第九十一条,0.001199040767386091
《最高人民法院关于适用〈中华人民共和国民事诉讼法〉的解释》第九十条、第二百七十一条,0.0003996802557953637
《最高人民法院关于适用〈中华人民共和国民事诉讼法〉的解释》第九十条、第二百四十条,0.0003996802557953637
《最高人民法院关于适用〈中华人民共和国民事诉讼法〉的解释》第九十条、第五百二十条,0.0003996802557953637
《最高人民法院关于适用〈中华人民共和国民事诉讼法〉的解释》第二百一十三条,0.0003996802557953637
《最高人民法院关于适用〈中华人民共和国民事诉讼法〉的解释》第二百一十九条,0.0003996802557953637
《最高人民法院关于适用〈中华人民共和国民事诉讼法〉的解释》第二百七十一条,0.0003996802557953637
《最高人民法院关于适用〈中华人民共和国民事诉讼法〉的解释》第二百四十七条,0.0003996802557953637
《最高人民法院关于适用〈中华人民共和国民事诉讼法〉的解释》第五十九条,0.0003996802557953637
《最高人民法院关于适用〈中华人民共和国民事诉讼法〉的解释》第五百四十九条,0.0007993605115907274
《最高人民法院关于适用〈中华人民共和国民法典〉合同编通则若干问题的解释》第二十二条,0.0003996802557953637
《最高人民法院关于适用〈中华人民共和国民法典〉合同编通则若干问题的解释》第二十五条,0.0007993605115907274
《最高人民法院关于适用〈中华人民共和国民法典〉合同编通则若干问题的解释》第六十五条,0.0003996802557953637
《最高人民法院关于适用〈中华人民共和国民法典〉合同编通则若干问题的解释》第六十五条第一款,0.0003996802557953637
《最高人民法院关于适用〈中华人民共和国民法典〉合同编通则若干问题的解释》第六十四条,0.0003996802557953637
《最高人民法院关于适用〈中华人民共和国民法典〉婚姻家庭编的解***（一）》第五条,0.0003996802557953637
"《最高人民法院关于适用〈中华人民共和国民法典〉婚姻家庭编的解释(一)第四十九条规定“抚养费的数额，可以根据子女的实际需要、父母双方的负担能力和当地的实际生活水平确定。有固定收入的，抚养费一般可以按其月总收入的百分之二十至三十的比例给付。负担两个以上子女抚养费的，比例可以适当提高，但一般不得某过月总收入的百分之五十。无固定收入的，抚养费的数额可以依据当年总收入或者同行业平均收入，参照上述比例确定。有特殊情况的，可以适当提高或者降低上述比例。”本案中，原告无法提供关于张***收入情况的证据，应当以2024年山东省居民人均消费性支出与2024年山东省居民人均可支配收入，以及庭审中原告的自述作为酌定抚养费的参照。结合张***的生活、学习等实际需要、原告与被告的负担能力及本地的实际生活水平，酌定张***自2025年5月起于每月28日前支付张***的抚养费1000元至张***年满18周岁止。
关于公告费的问题。本案中，因被告原因导致无法正常送达，公告送达是保障诉讼程序合法推进的必要手段。根据《诉讼费用缴纳办法》第十二条、第二十九条",0.0003996802557953637
《最高人民法院关于适用〈中华人民共和国民法典〉婚姻家庭编的解释（一）》第七十七条,0.0003996802557953637
《最高人民法院关于适用〈中华人民共和国民法典〉婚姻家庭编的解释（一）》第七十八条,0.0003996802557953637
《最高人民法院关于适用〈中华人民共和国民法典〉婚姻家庭编的解释（一）》第七条、第三十五条,0.0003996802557953637
《最高人民法院关于适用〈中华人民共和国民法典〉婚姻家庭编的解释（一）》第三十五条,0.0003996802557953637
《最高人民法院关于适用〈中华人民共和国民法典〉婚姻家庭编的解释（一）》第二十九条,0.0003996802557953637
《最高人民法院关于适用〈中华人民共和国民法典〉婚姻家庭编的解释（一）》第五十三条,0.0007993605115907274
《最高人民法院关于适用〈中华人民共和国民法典〉婚姻家庭编的解释（一）》第五条,0.001199040767386091
《最高人民法院关于适用〈中华人民共和国民法典〉婚姻家庭编的解释（一）》第四十九条,0.0015987210231814548
《最高人民法院关于适用〈中华人民共和国民法典〉婚姻家庭编的解释（一）》第四十二条,0.0003996802557953637
《最高人民法院关于适用〈中华人民共和国民法典〉婚姻家庭编的解释（二）》第七条,0.0003996802557953637
《最高人民法院关于适用〈中华人民共和国民法典〉时间效力的若干规定》第一条,0.022781774580335732
《最高人民法院关于适用〈中华人民共和国民法典〉时间效力的若干规定》第一条、第二十条,0.0003996802557953637
《最高人民法院关于适用〈中华人民共和国民法典〉时间效力的若干规定》第一条第二款,0.002797761790567546
《最高人民法院关于适用〈中华人民共和国民法典〉时间效力的若干规定》第二十条,0.0003996802557953637
《最高人民法院关于适用〈中华人民共和国民法典〉时间效力的若干规定》第十条,0.0003996802557953637
《最高人民法院关于适用〈中华人民共和国民法典〉时间效力的若干问题规定》第一条,0.0003996802557953637
《最高人民法院关于适用〈中华人民共和国民法典〉有关担保制度的解释》第三十六条,0.0003996802557953637
《最高人民法院关于适用〈中华人民共和国民法典〉有关担保制度的解释》第三十四条,0.0003996802557953637
《最高人民法院关于适用〈中华人民共和国民法典〉有关担保制度的解释》第二十六条,0.0003996802557953637
《最高人民法院关于适用〈中华人民共和国民法典〉有关担保制度的解释》第八条,0.0003996802557953637
《最高人民法院关于适用〈中华人民共和国涉外民事关系法律适用法〉若干问题的解释（一）》第十七条,0.0003996802557953637
《最高人民法院关于适用中华人民共和国保险若干问题的解释（三）》第十九条,0.0003996802557953637
《最高人民法院关于适用中华人民共和国民事诉讼法的解释》第九十条,0.0007993605115907274
《最高人民法院关于适用中华人民共和国民事诉讼法的解释》第九十条、第九十一条,0.0003996802557953637
《最高人民法院关于适用中华人民共和国民法典婚姻家庭编的解释（一）》第四十一条,0.0003996802557953637
《最高人民法院关于适用最高人民法院关于适用〈中华人民共和国民事诉讼法〉的解释》第九十条,0.0003996802557953637
《最高人民法院关于适用的解释》第九十条,0.0007993605115907274
《最高人民法院关于适用简易程序审理民事案件的若干规定》第三十条,0.0007993605115907274
《最高人民法院关于适用﹤中华人民共和国民法典﹥时间效力的若干规定》第一条,0.0007993605115907274
《最高人民法院关于适用（中华人民共和国民事诉讼法）的解释》第五百四十九条,0.0003996802557953637
《最高人民法院关于适用＜中华人民共和国企业破产法＞若干问题的规定（二）》第十九条,0.0003996802557953637
《最高人民法院关于适用＜中华人民共和国保险法＞若干问题的解释（二）》第十条,0.0003996802557953637
《最高人民法院关于适用＜中华人民共和国民事诉讼法＞的解释》第九十条,0.01079136690647482
《最高人民法院关于适用＜中华人民共和国民事诉讼法＞的解释》第九十条、第九十一条,0.0003996802557953637
《最高人民法院关于适用＜中华人民共和国民事诉讼法＞的解释》第九十条、第二百四十一条,0.0007993605115907274
《最高人民法院关于适用＜中华人民共和国民事诉讼法＞的解释》第二百四十一条,0.0003996802557953637
《最高人民法院关于适用＜中华人民共和国民事诉讼法＞的解释（2022年修正）》第九十条,0.0003996802557953637
《最高人民法院关于适用＜中华人民共和国民法典＞婚姻家庭编的解释（一）》第七十七条,0.0003996802557953637
《最高人民法院关于适用＜中华人民共和国民法典＞婚姻家庭编的解释（一）》第五十三条,0.001199040767386091
《最高人民法院关于适用＜中华人民共和国民法典＞婚姻家庭编的解释（一）》第五条,0.0003996802557953637
《最高人民法院关于适用＜中华人民共和国民法典＞婚姻家庭编的解释（一）》第四十九条,0.0019984012789768186
《最高人民法院关于适用＜中华人民共和国民法典＞婚姻家庭编的解释（一）》第四十六条,0.0003996802557953637
《最高人民法院关于适用＜中华人民共和国民法典＞时间效力的若干规定》第一条,0.002398081534772182
《最高人民法院关于适用＜中华人民共和国民法典＞时间效力的若干规定》第一条第一款,0.0003996802557953637
《最高人民法院发布关于适用〈中华人民共和国民法典〉侵权责任编的解释（一）》第二十一条,0.0003996802557953637
《最高人民法院（关于审理道路交通事故损害赔偿适用法律若干问题的解释）》第十三条,0.0003996802557953637
《最高人民法院＜关于审理民间借贷案件适用法律若干问题＞的规定》第九条、第二十五条、第二十六条,0.0003996802557953637
《最高某法院关于审理人身损害赔偿案件适用法律若干问题的解释》第六条、第七条、第八条、第九条、第十条、第十一条、第十二条、第十六条、第十七条、第二十二条、第二十三条,0.0003996802557953637
《最高某法院关于确定民事侵权精神损害赔偿责任若干问题的解释》第五条,0.0003996802557953637
《最高某法院关于适用〈中华某共和国民事诉讼法〉的解释》第九十条,0.0003996802557953637
《最高法院关于审理买卖合同纠纷案件适用法律问题的解释》第十六条,0.0003996802557953637
《期货交易管理条例》第二十四条,0.0003996802557953637
《期货和衍生品法》第七十九条、第十九条,0.0003996802557953637
《机动车交通***保险条例》第二十一条、第二十三条,0.0003996802557953637
《机动车交通***条例》第二十一条,0.0003996802557953637
《机动车交通事故强制保险条款》第十条,0.0003996802557953637
《机动车交通事故责***强制保险条例》第二十一条,0.0003996802557953637
《机动车交通事故责任强制保险条例》第三条,0.0003996802557953637
《机动车交通事故责任强制保险条例》第二十一条,0.001199040767386091
《机动车交通事故责任强制保险条例》第二十一条、第二十三条,0.005195843325339729
《机动车交通事故责任强制保险条例》第二十三条,0.0003996802557953637
《机动车交通事故责任强制保险条例》第二十二条,0.0003996802557953637
《机动车交通事故责任强制保险条款》第九条,0.0007993605115907274
《机动车交通事故责任强制保险条款》第八条,0.0003996802557953637
《机动车交通事故责任强制保险条款》第十条,0.0003996802557953637
《机动车商业保险条款》第二十四条,0.0003996802557953637
《某公司3章程（2022年1月）》第三十七条,0.0003996802557953637
《某公司4章程（2023年12月25日）》第十七条,0.0003996802557953637
《民事诉讼法》第122条,0.0007993605115907274
《民事诉讼法》第二百六十六条,0.0003996802557953637
《民法典》第1079条,0.0007993605115907274
《民法典》第一百四十九条,0.0003996802557953637
《民法典》第五百八十四条,0.0003996802557953637
《民法典》第六百七十五条、第六百七十九条,0.0003996802557953637
《民法典》第六百九十九条,0.0003996802557953637
《物业转易及财产条例》第19条,0.0003996802557953637
《结算协议》第3条,0.0003996802557953637
《联合国国际货物销售合同公约》第一条、第七条、第五十三条、第六十一条,0.0003996802557953637
《联合国国际货物销售合同公约》第一条、第二十五条、第二十六条、第三十条、第三十三条、第三十六条、第四十五条、第四十九条、第五十一条,0.0003996802557953637
《联合国国际货物销售合同公约》第十四条,0.0003996802557953637
《补充协议二》第4条,0.0003996802557953637
《补充协议二》第5条,0.0003996802557953637
《解释》第十一条、第八条、第七条、第十二条、第二十三条、第九条,0.0003996802557953637
《诉讼费用交纳办法》第二十九条,0.001199040767386091
《诉讼费用交纳办法》第十二条,0.0007993605115907274
《购销合同》第二条,0.0003996802557953637
《购销合同》第五条,0.0003996802557953637
《销售合同》第一条,0.0003996802557953637
